"","treatments","sample","sample","centroid.otu102","centroid.otu111","centroid.otu12","centroid.otu127","centroid.otu139","centroid.otu143","centroid.otu144","centroid.otu15","centroid.otu150","centroid.otu161","centroid.otu166","centroid.otu17","centroid.otu172","centroid.otu176","centroid.otu18","centroid.otu181","centroid.otu183","centroid.otu184","centroid.otu19","centroid.otu192","centroid.otu198","centroid.otu20","centroid.otu200","centroid.otu201","centroid.otu202","centroid.otu207","centroid.otu21","centroid.otu212","centroid.otu22","centroid.otu220","centroid.otu221","centroid.otu223","centroid.otu228","centroid.otu232","centroid.otu233","centroid.otu239","centroid.otu241","centroid.otu242","centroid.otu244","centroid.otu25","centroid.otu251","centroid.otu252","centroid.otu255","centroid.otu259","centroid.otu262","centroid.otu263","centroid.otu270","centroid.otu272","centroid.otu273","centroid.otu277","centroid.otu28","centroid.otu283","centroid.otu284","centroid.otu285","centroid.otu286","centroid.otu292","centroid.otu293","centroid.otu295","centroid.otu298","centroid.otu3","centroid.otu303","centroid.otu308","centroid.otu309","centroid.otu31","centroid.otu310","centroid.otu314","centroid.otu317","centroid.otu319","centroid.otu32","centroid.otu320","centroid.otu322","centroid.otu326","centroid.otu330","centroid.otu334","centroid.otu336","centroid.otu337","centroid.otu34","centroid.otu341","centroid.otu343","centroid.otu354","centroid.otu355","centroid.otu356","centroid.otu357","centroid.otu36","centroid.otu360","centroid.otu363","centroid.otu366","centroid.otu367","centroid.otu37","centroid.otu4","centroid.otu40","centroid.otu42","centroid.otu43","centroid.otu44","centroid.otu46","centroid.otu48","centroid.otu49","centroid.otu5","centroid.otu51","centroid.otu53","centroid.otu54","centroid.otu55","centroid.otu56","centroid.otu58","centroid.otu59","centroid.otu61","centroid.otu64","centroid.otu67","centroid.otu68","centroid.otu70","centroid.otu71","centroid.otu74","centroid.otu75","centroid.otu76","centroid.otu8","centroid.otu9","centroid.otu91","centroid.otu92","centroid.otu94","centroid.otu97","duds","ISD"
"1","Aatrex","202P2T2","202P2T2",0.000408266248680469,0.000227222141233704,0.0024209170508333,0.000230130935644156,0.000247322813373631,0.000236803676473188,0.000239665773873789,0.000231812909725925,0.000212375775674402,0.00022102223694179,0.000225854131901596,0.000227331593686104,0.000223269518192586,0.000225746364397949,0.00076738275188794,0.000212966040217653,0.000225401469144939,0.000209723206871329,0.052898325720462,0.000220585324580056,0.00023305828157603,0.00022708888267946,0.000205302758719299,0.000220360839672334,0.000205639041568831,0.000211872233517914,0.000591859799449836,0.000227886028297181,0.000264011252951047,0.000212703137339611,0.000234469946551422,0.000225783273839454,0.000217809654945547,0.000210527311804412,0.000225962300323227,0.000224372399955999,0.00021846143069169,0.0103647268763829,0.000408033320000792,0.000235402054848365,0.000233076955515837,0.000223862350255587,0.000219120275108528,0.000219460233240297,0.000228587749744806,0.000231012745031409,0.00685020826013037,0.000229353272620741,0.000254106826508608,0.00021688076557572,0.000235360725086965,0.000224990644348312,0.000219209722276504,0.000209196362483103,0.000229604764903378,0.00106254189339259,0.00024815556084264,0.00020013700285735,0.000215616576592397,0.450387384683126,0.00022686905257292,0.000232125486562886,0.000249046859179541,0.000457823396254132,0.000215943311330818,0.000199540147326553,0.000220351241590149,0.000246584668272198,0.000394307610909184,0.000245670000926686,0.000255979927557044,0.000246446293403208,0.000224451112872115,0.000239819350084864,0.000228616889075404,0.000203424569294615,0.000917138196848404,0.000215228223734814,0.000216804893130846,0.000222670632091012,0.000210707402597017,0.000219777435186432,0.000232426412879348,0.000401667299991286,0.0002260003168206,0.0002019403417229,0.000229344961279454,0.000210927896834741,0.00039237988296734,0.00450307550094766,0.000232367711466627,0.0179240958150145,0.00027000127611016,0.000734514376457069,0.000202986162322012,0.000234775809866865,0.000721921527808355,0.000443435600489819,0.000381488726927947,0.000270306399341325,0.00022125339467836,0.000247879451450955,0.000225831336312086,0.000894839579327297,0.000227900761202202,0.000236472005645226,0.000580130008762987,0.000223841823731958,0.000238815245739335,0.000235156675161773,0.000232766580500518,0.000216126516219952,0.000200411433256444,0.000235977153603538,0.00182871059495626,0.14737692499381,0.000229861960518155,0.000252748598013905,0.000223307583264099,0.0198709455635344,0.252419099977674,0.00226269216403504
"2","Aatrex","304P1T2","304P1T2",0.000903530636601028,0.000837170331735783,0.00083878984931759,0.000832605131471373,0.000925860916080805,0.00513944226357945,0.000841526469576498,0.000848858018408567,0.000890031311823111,0.000791183204656702,0.000827616258836222,0.000825016795743744,0.000865309498060662,0.000852800071465587,0.00811047325030046,0.000857780944334126,0.000814943577574381,0.00084594635270988,0.000988659198321175,0.000792672784276365,0.000764837593970013,0.000874828005853614,0.000782605874621887,0.000925198594720307,0.000805587593268366,0.000790379490080099,0.00227975383454991,0.000833120133229471,0.0010534523503495,0.000938488439773607,0.000840121753153204,0.000811605087976905,0.000783441717943199,0.000874247785064433,0.000843855452393648,0.000855578676220923,0.00198418975297595,0.000878769321600196,0.000834748409318053,0.00100054859379592,0.000835380475639737,0.00753817468875513,0.000796043051673038,0.000790098456273356,0.000878207414822562,0.000825252897531794,0.000905567985736081,0.00087932098446691,0.00199171301922692,0.000745967481524296,0.00764422290745554,0.00457306446703195,0.00454284520984842,0.000887292749504465,0.00275499270166245,0.000820534430149395,0.000844366476843774,0.000738434598093586,0.000785699145007455,0.000997428570433226,0.0008281913500515,0.000738291918587303,0.000797612712549544,0.00146356520053419,0.00470334655744912,0.000812252194511288,0.000825738151620047,0.000876844796538748,0.00077088476685684,0.00339181782317905,0.000856321053804856,0.000797465548997652,0.000887643319611111,0.000910874766804259,0.000819843662229321,0.000834235016416281,0.00153804144889782,0.00077543527989484,0.000809820530946961,0.000878653955181735,0.000852161510542202,0.000745486402145461,0.000879628163504316,0.0020951246788537,0.000894956417384126,0.00350878683920104,0.000819201159720033,0.000818586836962541,0.000893491280641836,0.00431194273680537,0.000922815594198096,0.000872107041291773,0.00224119274902159,0.000913196421664388,0.000835021555686521,0.00150898106399726,0.00145173994764148,0.00962422303926683,0.000934335298488996,0.00345370630286493,0.000848812769448352,0.000948339654278184,0.000885515527232144,0.00147132681648026,0.00099511433821258,0.00214981883688963,0.000974685402228852,0.00353296121139174,0.000844423725372069,0.000926177926787599,0.000927900897439081,0.00083013008299027,0.000852195289256384,0.016622406013676,0.0061286965507226,0.000899234559917279,0.000874202842948484,0.000912462969869892,0.000868099798615941,0.000842922478077767,0.651471281686191,0.153139542490017
"3","Aatrex","304P2T2","304P2T2",0.00102752089524378,0.00105504987312879,0.00113619286470619,0.00106716289169087,0.00117417800375577,0.00119555443353898,0.00108782045035335,0.000977367890869524,0.00110497756773129,0.00105216185721614,0.00108835800139761,0.00095784927303076,0.00109550084339562,0.00115808136274924,0.00127664109327319,0.00106257855424936,0.00100171827710187,0.00105659825360722,0.00113129240850303,0.00100081730827402,0.000893340118691585,0.00103127317325139,0.00110168707166847,0.00196032839390211,0.00095228990369717,0.00106651017759615,0.00111555305363748,0.00113323302352311,0.00918443271244994,0.00102365951800191,0.00105778528694175,0.00101145420545923,0.000932697453696858,0.00106849009563138,0.00109673530632604,0.00106817860288809,0.00110503234786334,0.00112244362518232,0.00100353235962921,0.00278278065095168,0.00113386356734459,0.00110319835355504,0.00109584333327945,0.00102064206846234,0.000976124914047195,0.00115692706554965,0.00108926994969308,0.000997444722749553,0.000976169735972144,0.00113588909534496,0.00349911999187321,0.00113317148160267,0.00098689567450328,0.00100195847287995,0.0011338873348166,0.000992593314725952,0.00105277444837704,0.000979499450741845,0.00106559340988405,0.00123152696411576,0.0011957358806676,0.00101423623365723,0.000969131422376535,0.00512804673333698,0.00111581563480641,0.001147227573057,0.00096516951146392,0.00118218419859354,0.000953096166469,0.000973643788325035,0.00108586306419358,0.00115183967786259,0.00195725857325019,0.00107465109749725,0.00105813409484406,0.00101453635838876,0.00109776203353678,0.00104301393234913,0.00105412891923392,0.00100828360586331,0.00103734135016821,0.000931130467412069,0.00105375291035889,0.00114031804786367,0.00109406703972386,0.00107109473662147,0.00107786647596268,0.00111254645352861,0.00103518405458474,0.00122565674016669,0.00105394738991241,0.00113195907791244,0.00109089789624344,0.00114216267404285,0.000989096026061134,0.00104658405869339,0.00103806363734515,0.00295588045999357,0.00104605489722795,0.00206878675103846,0.00101664539548583,0.00110484576128501,0.00105027483906409,0.00116447827779473,0.0010187794395695,0.00102733219914146,0.00106063954370412,0.000929469854419026,0.00407258296766331,0.00112931059398131,0.00108605901904753,0.00104191949629609,0.00103800616063862,0.00110100456441925,0.00175223771804877,0.00121855457916762,0.00102660669403491,0.001874267463935,0.00102445660834443,0.00105753798647341,0.809825091131028,0.036666497527499
"4","Aatrex","304P3T2","304P3T2",0.00148915059343646,0.000569084851196749,0.000516206384941476,0.000547721807318224,0.000588798058192985,0.00145681924699875,0.00139171302287668,0.000530519009785857,0.000597054185670657,0.000549265225966807,0.00052875505701023,0.000531076359925932,0.000567427056173767,0.00132174763413329,0.0010442108119874,0.000516022525043972,0.000552998112455626,0.000534927954614226,0.000551561867550272,0.000592801123143726,0.000561973397423047,0.000523883828898392,0.000504337568136782,0.000549957214786643,0.000558617142597274,0.000512619212382874,0.000584830729523789,0.000502524453001054,0.00138410505831369,0.000487627057549869,0.000582721086888256,0.000553978828977379,0.000493732751576841,0.000504655991589502,0.000569904266192618,0.000553411450734083,0.000550317280761992,0.000557993635323281,0.00053564028997202,0.000595106909343123,0.000954831513372375,0.00053871420699643,0.000514210614787549,0.000514346509616522,0.000521299238346843,0.000604900511967638,0.000580800357121359,0.000555488842364391,0.000542723982072974,0.000590313444579917,0.000551406898807137,0.000495266349430927,0.000586433022201441,0.000521799854236242,0.000525486438719146,0.000566719762424266,0.000552628331820131,0.000521637656351032,0.000540478444539952,0.000687731785513753,0.000541000154146134,0.000585889450456873,0.000540100343023635,0.000558714688556408,0.000601513159027332,0.000492859768269541,0.000583960691142702,0.000535606359683261,0.000538794641601747,0.000541693746081483,0.000561716684487646,0.000599927851850494,0.000538345821281748,0.000551536782360315,0.00143721251399529,0.000492742917549162,0.000531859579879833,0.000520224064188646,0.000535234977287744,0.000504152944217387,0.000586234715232252,0.000549488840981985,0.000498226872722681,0.000548965137792341,0.000600946677772574,0.00056198813626632,0.000536081665075145,0.000498594168561776,0.000553975800962944,0.00106409985371399,0.000591561437605099,0.000588163084446996,0.000550435504553514,0.000590350246995191,0.000497109576229521,0.000551957624200167,0.000526373716998663,0.00155886653183027,0.000576815090414266,0.000607879980348419,0.000500346456874322,0.00101162298146567,0.0005770891538163,0.000570840026165045,0.000553454708937101,0.000572694749276929,0.000558517009415513,0.00057003809557804,0.00138455789908129,0.000544957082506206,0.000969756179753768,0.000546456793167868,0.000530510841558555,0.000620029091008468,0.00436058962253868,0.000588399323000903,0.000555436166528166,0.00141078413830678,0.000576480406488833,0.000583271238886187,0.869795356724586,0.050074592701602
"5","Aatrex","405P1T2","405P1T2",0.00119860602592594,0.00119494016567336,0.00116371341168628,0.00112180922761026,0.00389925837458162,0.00129049905081942,0.00128134003559429,0.00128163405609133,0.00104344868518657,0.00123314915316411,0.00225303182823364,0.00114552179001729,0.00215282802571363,0.00217614203532558,0.0023782268733191,0.00120461190966647,0.00112340956744156,0.00122340147415744,0.0014434439835688,0.00124526429340162,0.00125988122274115,0.00126575834694461,0.00118206448324026,0.00121690417877813,0.00116411840489405,0.001187505345055,0.00119671429883667,0.00110847914956825,0.00166652590179555,0.00124150322476207,0.00128439444305641,0.00114144628128933,0.00127772001210614,0.00104567362048367,0.00230777763080039,0.0011960596782658,0.0011306106267799,0.00132642805398685,0.00121849126697297,0.00123908743691508,0.00109392767191986,0.00115274360866778,0.00115987314754258,0.00121791030823955,0.00116561301421023,0.00114951393049577,0.00128427621512273,0.00215128496607738,0.00127843636685114,0.00117664738377206,0.00128702262659601,0.001178821219289,0.00117837874246954,0.00124892512125585,0.00127931531149519,0.00109042811557557,0.00120850995876043,0.00122806465077358,0.00139267671645032,0.00140520278969323,0.00129909311750098,0.0011796238021763,0.00115216038637395,0.00225837490759439,0.00121722572673598,0.00119217287372746,0.00117120573016117,0.00119664905876777,0.00112853425694473,0.0012751995246007,0.0013530626687946,0.00112003546352901,0.00124179185385233,0.00132801393828539,0.00125519656836887,0.00124179908716464,0.00300739012354996,0.00110591452294621,0.00114223897598031,0.00108252885078888,0.00124207016270895,0.00117545126704427,0.001162264606534,0.00127406650140573,0.001210922838033,0.00128781442646217,0.00115750128649877,0.0011539472935107,0.00112884941542873,0.0163805674028725,0.00123814765535396,0.00124502155736317,0.00120902651647619,0.00308982765819161,0.00112744799862488,0.00107193704061251,0.00226350475443661,0.0144627746533046,0.00131592117464396,0.00211305249965353,0.00108779866754309,0.00138619835988397,0.00107861764499991,0.00134696613783749,0.00127927671738362,0.00127839003213138,0.00128229381879261,0.0013322540229618,0.00134241458961416,0.00214164646958083,0.00321186268932964,0.00124804470239296,0.00121562589176789,0.00125332329346471,0.013225993974592,0.00132554281650115,0.00125298503434892,0.00719124508619883,0.00141605131880388,0.00126672119971358,0.767606182818709,0.0209332411267369
"6","Aatrex","405P2T2","405P2T2",0.000449878698687967,0.000463156501640706,0.000139721164866764,0.000139101567104688,0.000438861400729907,0.000145819281726435,0.000149469353405122,0.000143444367547305,0.000676485139128994,0.000137045911442364,0.000144584420402309,0.000142118066470756,0.000332282096578932,0.000135688527184991,0.0037509725764847,0.000137334915463719,0.000131463626691272,0.000141164658112798,0.000270143660287943,0.000140957640544218,0.000140078367699226,0.000135007747026596,0.000157266404004091,0.000238360478497867,0.000132281029062915,0.00014011587191029,0.000370498494773596,0.000136817997319286,0.00138590509221368,0.000742107610329926,0.000136651824804484,0.000138140030849559,0.000140336985886368,0.000137906746152485,0.000152212003807195,0.000249197147985971,0.000141667245292048,0.000158988191003733,0.000142851431908436,0.00121055964752174,0.000541334965703153,0.000153548721087636,0.000135582654416536,0.000134758622790491,0.000128620066528681,0.000656433459155646,0.000146556563927813,0.000370767945232948,0.000124056846194199,0.000136643990272843,0.000256782236198667,0.000128281298072416,0.00015632460766303,0.000158411043917047,0.00013886738885575,0.00014177522325627,0.000130160206642255,0.00014263757551373,0.000138280854532365,0.000252443329034913,0.000138856445691777,0.000134458247218738,0.000143611341274524,0.000157512891084316,0.000143898058271591,0.000137974189402334,0.000141696139421158,0.000956124558309945,0.00012117257982667,0.000142564702306473,0.000140709241041425,0.00014117596000763,0.000148165226023679,0.000131511517185614,0.00014555782973609,0.000136212801320696,0.000154955725774804,0.000146658110664746,0.000142580668074451,0.000140052243175809,0.000137015133947063,0.000145540098815903,0.000148915687195527,0.000143663294064586,0.000119690090671505,0.000154095821725896,0.000142866764931771,0.000139576810277713,0.00012328337809746,0.00225393084215985,0.00159073185967221,0.000156066450144321,0.00013834797668196,0.000432385850255772,0.000134446046972706,0.00015619235269214,0.000140401890451843,0.00405611238864384,0.000560871336045622,0.000563459899366184,0.000140190281495088,0.000132265496748259,0.000137134909276086,0.000133000659320962,0.000941369003138927,0.000354385536068637,0.000136837521324972,0.000139161802244873,0.000239599589067155,0.000330162014307722,0.000422349524648745,0.00013531921201981,0.000370482483173245,0.000139506038343512,0.0083116129909403,0.000153865275532304,0.000140153865522624,0.00015511737283617,0.000235411960486358,0.000147900299483718,0.946821834122092,0.00663038607175435
"7","Aatrex","405P3T2","405P3T2",0.000167388280229657,0.000164352912584989,0.000167229727608283,0.000159138323023544,0.000642852734000895,0.000163510313355611,0.000146826511300298,0.000378401950121113,0.00017491935895747,0.000159313322763568,0.00016139147957246,0.000162555063959185,0.000161583480274727,0.000162744063240432,0.000538550324072631,0.00014826428884036,0.000158528450033014,0.000163678280696083,0.000169224995355157,0.00248765827020541,0.000163906428463522,0.000184092219261686,0.000160624177179854,0.000157823217522495,0.000153633098661203,0.000157806346472486,0.000378087787930094,0.000159300109227067,0.00267253895069861,0.000163972539287926,0.000166850543866574,0.000150414411626055,0.000163605497508696,0.000158367896828258,0.000258700372610446,0.000162331573975251,0.00015513809362965,0.000176969320392254,0.000285526726451898,0.00133691713951135,0.000164595270069914,0.000163597125978401,0.000158728082900097,0.000150989707997034,0.000177168978957548,0.000160314065605033,0.000157248783400416,0.00058487317953204,0.000159508079503551,0.000152661869108103,0.00016266080411381,0.00016416598501471,0.000146250667793047,0.000154243035655414,0.000158818220881618,0.000166675584059231,0.000144931659878388,0.000164166465048762,0.000140902601250023,0.000177402916990725,0.000157190018141051,0.000148438826761682,0.000162320411212503,0.000530695080161629,0.000155848714436886,0.000146911686964436,0.000155422953858838,0.000151384172811215,0.000165136269154442,0.000156946122112218,0.00015624142319113,0.000160988293914589,0.000152959687437708,0.000383465765770419,0.000156958700882623,0.000152921483715015,0.000153882733849434,0.000158668256900222,0.000155426278133887,0.000160352771408865,0.000159418553161549,0.000154344713303668,0.00016794751740264,0.00207247244978928,0.000159591192231008,0.000162374995946006,0.000154624900083503,0.000157357982461966,0.000149186229767707,0.000655354940753319,0.000293185151687613,0.000182665963450786,0.000162909709022156,0.000171039522777857,0.000132834612604788,0.000147287606951561,0.000165076769956443,0.000669619236824651,0.000404663169101198,0.000912947521232544,0.00014520851475932,0.000175215815198087,0.0001671545597672,0.000170082795970402,0.000155811853091575,0.00147714424620424,0.000173395140161958,0.000163939063701596,0.000659760746711213,0.000163407825449447,0.000189362996850427,0.000171403519588874,0.000169815141909797,0.000156706610729341,0.00201679752505023,0.00017863640786267,0.000635963098418613,0.000310220984503902,0.000999651255829499,0.000163455281210971,0.959089282919075,0.00389589964358893
"8","Clarity","303P1T2","303P1T2",0.00144291796815328,0.00162776367112439,0.00136728446164564,0.00129028359547067,0.00155642774025231,0.00130934108141431,0.00132472035495765,0.00156041385042026,0.00162101038497909,0.00128314518690883,0.00123829994682883,0.00124676341491426,0.00142126595826006,0.00135640543966745,0.00382071627029932,0.00140679886758385,0.0012395384764391,0.00137119430649665,0.00128838118228978,0.00151817992951909,0.00145161744101598,0.00142136888427019,0.00138684223808667,0.00146557560102548,0.00144326824900584,0.0013792228164668,0.00163246467963039,0.00146036060333502,0.00380409427346717,0.00130360339449051,0.00143021766804824,0.00134915657341549,0.00150697310117074,0.00136577782085716,0.00135473041733591,0.00156426758566198,0.00145249373067591,0.00125781843632299,0.00130153986167501,0.001528282075757,0.00141104461185789,0.00135884557933545,0.00155887195293849,0.00143601297841971,0.00120411608111622,0.0013092405324253,0.00133814741599605,0.00140273078224775,0.0014308297223761,0.00133658087619779,0.00179922272130187,0.00129031109879434,0.00125773583953519,0.0014167438856563,0.00148937738771172,0.00134754593208768,0.00147890326720695,0.00136044238777858,0.00135503235478941,0.00128026980655058,0.00127356732955068,0.001341184703047,0.00134831062743159,0.00283421120057147,0.00145737002415385,0.00180799019327714,0.00143195934198873,0.00183642323146476,0.00144306770505011,0.00140379041518634,0.00146787919060519,0.00152541741896919,0.00145097802003666,0.00142984856338248,0.0013206584996557,0.00136139705549569,0.00178569999046048,0.00145394046320702,0.00125361225829111,0.00131179757476634,0.00130461072799526,0.00153286632411061,0.00137086964727103,0.00177598516397396,0.00141316911702081,0.0014296199364798,0.00128315473474099,0.00145307259751685,0.00165385905183009,0.00386257592097646,0.002596063421546,0.00146377853805243,0.00139479896232419,0.00138944826514233,0.00128483012106682,0.00253667085295577,0.00139411348101787,0.0063898718017911,0.00166465525727731,0.00187216050181116,0.00163082715491614,0.00156705434568167,0.00165935047354006,0.00153157375649056,0.0015016974609795,0.00154255200746124,0.00151415354153523,0.00145698466775139,0.00129737825617229,0.00143845033271578,0.00151268385928599,0.00131614251665457,0.0013682347651386,0.00139497016855107,0.0030093469183369,0.00132760789797265,0.00150174505570165,0.00152391963643708,0.00216604551750312,0.00143192377365618,0.729471854791042,0.0802176921173216
"9","Clarity","303P2T2","303P2T2",0.00107665243607967,0.0013179984043008,0.00112136179056166,0.00111661373188713,0.00135265589946785,0.00120546868425901,0.00124087753179826,0.00200699192793291,0.00140481365063769,0.00116611375685819,0.00117092020279804,0.00110217329845699,0.00176373959730155,0.00122765139182012,0.00310234491041254,0.00127585953954367,0.00108928451515239,0.00109062362977606,0.00109419212038382,0.00302131291723848,0.00123079055238058,0.00112851521106184,0.00121315905431457,0.00126137105199524,0.00122929946876862,0.00127989442945689,0.00135232718963847,0.00113711111542325,0.00229238844257302,0.00112918640725615,0.00125522328843928,0.00121501390560102,0.000999507543513802,0.0010859906903971,0.00107679509619666,0.00130206960181002,0.00138164511290143,0.00110866892900803,0.00112440123552108,0.00126588427609138,0.00125469723691321,0.00128373260023104,0.00127835584119222,0.00113854162594911,0.00125277540379083,0.00117258848728048,0.00129906303579325,0.00118058001219952,0.00128120514758493,0.00132192707769769,0.00151997240376146,0.0011298121401202,0.00122188825100782,0.00121609958150106,0.00123752190266413,0.00111653912908978,0.0012332178347925,0.00117891988698849,0.00122067344553157,0.0010527794108806,0.00117719428857449,0.00110982268694848,0.00121774030218028,0.00312718934856304,0.00121823329038198,0.00141950431563358,0.00115731907708341,0.00147269722889931,0.00108151727720924,0.00114914722366682,0.00113876829659909,0.00131606943266295,0.00110676437948338,0.00173631274610883,0.00129033445059424,0.00110809963247228,0.00139414698578581,0.00114686087468699,0.00111074524434821,0.0011821079449855,0.00112607811711173,0.00185513305735453,0.0011839244420788,0.00138529504605623,0.001238008800849,0.00115758021304469,0.00110744207498735,0.00132661012608065,0.00184573487103229,0.00389889276983458,0.00166956439111701,0.00122915047827322,0.00120836254516135,0.00115070517634466,0.00185164239898861,0.00439460226569787,0.00188275845987889,0.00719335796440568,0.00151562779354408,0.00159471112391386,0.00126227838843353,0.00129462873291233,0.00173784414956876,0.00130193194858567,0.0011537497505891,0.00128358545572384,0.00119787715471449,0.00119626066664674,0.00120630118979801,0.00113078748132382,0.00128183776605218,0.00106138124617894,0.00113235380917417,0.00112672059518879,0.00728527751649057,0.00111710753931106,0.00137935124530231,0.00205118034519963,0.00173418692705244,0.00127460642686684,0.667370995148247,0.155336216380031
"10","Clarity","303P3T2","303P3T2",0.00145262702480541,0.0023325702159617,0.00132837721831131,0.00120463725600086,0.00159175766335268,0.00119149780138906,0.0013854799150746,0.00224579292501204,0.00198716548827874,0.00121329030654934,0.00132861658177455,0.0011645004578741,0.00134307733369963,0.00125600354365426,0.00277238910041517,0.00130026542773445,0.00123889783112048,0.00133306116963692,0.00129625952445309,0.00141245341270007,0.00133777792512032,0.00137044697554455,0.00143285545843268,0.00141729267802764,0.00130653495174289,0.00122034083553452,0.00151816807111998,0.00136865536313,0.0023257530456176,0.00135457060196847,0.0012551289359342,0.00131403280541054,0.00118204743438137,0.00124574360039654,0.00131759733699692,0.00135794649510303,0.00140583080217163,0.00139134811258558,0.00129423790784343,0.00143932247993175,0.00128325541691232,0.00128364301803675,0.00144124499718615,0.00131394392997429,0.00136299032182055,0.00134632522989691,0.00130905738027443,0.0012847609305819,0.00142203881390864,0.00126982085551113,0.00171859731127355,0.00126189002533283,0.00124870429840936,0.00132473554294392,0.00136823249533911,0.00126724276891547,0.0013130117608005,0.00125320461888766,0.00126831453468006,0.00108631120820958,0.00130692552474797,0.00142445921477086,0.00140436429346835,0.00323895268245433,0.00132686436794073,0.00738526987575563,0.00149270162386655,0.00163791726303005,0.0013450360296895,0.00136929813669798,0.00126739530290309,0.00138682671549256,0.00123436665561584,0.00144704814193171,0.00116893920604069,0.00130302724354879,0.00162076128315039,0.00121095776493797,0.00123714795310689,0.00126740128289486,0.0013476141128835,0.00206567562580196,0.00120491349969427,0.00154827010699136,0.0014155653515588,0.00141588317292539,0.00124863247854612,0.00150393895063176,0.00147809257422015,0.00379626457340324,0.00239096151927064,0.00130499695504391,0.00137459796253495,0.00135398708963677,0.00138318776192764,0.00226077148865357,0.00143996299339644,0.00483403120142054,0.00172564986435922,0.00192099262990332,0.00136118951855477,0.00152131843868821,0.00153128438877303,0.00432082280789803,0.00140650076848945,0.00147093720624124,0.00128519541788241,0.00134633597998314,0.00126377653624601,0.00131725259972068,0.00147192741139706,0.00119419589635229,0.00138357892136826,0.00127428474299323,0.00683200096477371,0.00147034760242481,0.00138814917203185,0.00153241835213452,0.00200417653600788,0.00126219801763185,0.758590532886559,0.0480202478853132
"11","Clarity","404P1T2","404P1T2",0.00125549639230744,0.00139556066820694,0.00121897211164958,0.00117474137686861,0.00146696836413242,0.00115636170579715,0.00125701962390359,0.00146245862689091,0.00139299089756721,0.00105910235214567,0.0012138420764689,0.00123498989094499,0.00131255872716325,0.00127569293164156,0.00448129783828558,0.00116016438862661,0.00106996961296652,0.00118773349076645,0.00131539956699662,0.0012932820107824,0.00123538594331642,0.00135538337771598,0.00129669060217529,0.00135805950599787,0.00114299005798056,0.00114827222452279,0.00125548156266154,0.00120164785826519,0.0029129817693288,0.00111037220116432,0.00129387145544267,0.00119999145374203,0.00114435027773697,0.00117229365676327,0.00118159943956072,0.00130122816924259,0.00131149729228687,0.0011684925302159,0.00121319816262852,0.00141639636650267,0.00130252057696298,0.00114490677272515,0.00135894525436573,0.00120559638280516,0.001172134744519,0.00118895364781935,0.00138262299640409,0.00114259579884996,0.00125312430083045,0.00125966879346004,0.00216614072433426,0.00119976537294907,0.00100690929015967,0.00126897318650732,0.00123798362882879,0.00124991536729502,0.00130182416747679,0.00113050975683507,0.00126422111093125,0.00114510912304133,0.00118827794687617,0.00122363394149691,0.0012452939760793,0.00194065130968101,0.00127588798557722,0.00147189684893951,0.00117114217882669,0.00255085032316989,0.00125380562535506,0.00115641450382345,0.00123983203386231,0.00135518059471534,0.00121102211418144,0.00125497411459889,0.00100328945122112,0.00124382541096156,0.00135957069698272,0.00125950338153993,0.00111395772612177,0.00123846867544767,0.00116953817514044,0.00123690508978298,0.00113043736754452,0.00150004663330373,0.00138632070139263,0.00116585828515134,0.00115982964272377,0.00130844125408807,0.00197671602761417,0.00770018206563481,0.00222767387693558,0.00126318245328048,0.0011391102227339,0.00184243416522951,0.00117494109998484,0.00796119832026717,0.00115020010701972,0.00684493239993705,0.00160402931781302,0.00164513724230272,0.00136553894661246,0.00134809569625336,0.00140017423271445,0.00136443040088323,0.00129422590936726,0.00170028891916193,0.00133676284652777,0.0012224619569386,0.00106059803423687,0.0012333680464182,0.00137895144928665,0.00118511363205926,0.00130495338325013,0.00121468563455806,0.00688599348895194,0.00113237966638461,0.00144245379567939,0.00140752620705239,0.00496502923449336,0.0011096035701584,0.70848390996299,0.102631654140219
"12","Clarity","404P2T2","404P2T2",0.000620933042809349,0.000744513698574488,0.000601135670925321,0.000580951642403856,0.000763849508232933,0.000655867861959563,0.00134783088055715,0.00139158981346765,0.000710463915919769,0.000639648662170049,0.000629275017887209,0.000596996575248875,0.000669740188524263,0.000597930003798988,0.00567353288943878,0.000554971310752343,0.000577644554823351,0.000654452050373102,0.000608580428259956,0.000669562418552527,0.0015918972949111,0.000642358265712785,0.000662899266987936,0.00106478685310319,0.000609106995972508,0.000626689378668116,0.00197632314617893,0.000621660479798399,0.00369830920842942,0.000560720208235512,0.000637088878237126,0.000670210452291937,0.000609735933757485,0.00065153605754504,0.000641339890827079,0.00100865872547105,0.000717759716629469,0.000677371226494238,0.000629330971678662,0.000891701451786356,0.000965214484674105,0.000627173409877335,0.00074661127555837,0.000638183941879821,0.000673486533432151,0.000623952675255839,0.000617410739035832,0.000599272748189353,0.000666677025897515,0.000607274871540561,0.00372157664240913,0.000640890269706658,0.000600669534508762,0.000623755171794829,0.000701536799171943,0.000608428193020317,0.000657144948939655,0.00058992752414047,0.000629714958071913,0.000644750129363747,0.000598550386670158,0.00064345282867304,0.000631325552616011,0.00250839432542904,0.000625955794993659,0.000766228238551404,0.00100375514319233,0.00265833159441383,0.000626315798754386,0.000610357100547018,0.000644458338251551,0.000667629451250266,0.000612650346096158,0.000727213015569846,0.000617118864093984,0.000623862232842772,0.000755002245439584,0.000643265217559804,0.000594917921857359,0.000613914793036838,0.000571137686722516,0.000660517255224226,0.000595033434244438,0.000781833529650317,0.00129706046232393,0.00063548763722698,0.000610649750838409,0.000671859174026522,0.000701735740437533,0.00555498197379349,0.00241802552669155,0.000591203244545088,0.000639424437522092,0.00064892923276533,0.000595793595564356,0.00119281979794957,0.000696399628810427,0.00891961576387554,0.000839303053333828,0.0022145631460024,0.000730399552172918,0.000779589247359543,0.000661203874476032,0.000673168297621211,0.000706426327259152,0.00137413327118765,0.00100382121380626,0.000631282011473675,0.000604838047434835,0.000616688882544342,0.00102942931552656,0.000625014289470894,0.000601419504533725,0.000642974473134598,0.00426002797659656,0.000555789764041862,0.000982927243800708,0.000693901864385481,0.00219857077591124,0.000590801636149084,0.830381167551563,0.0469847452042987
"13","Clarity","404P3T2","404P3T2",0.000300747804550219,0.000612193811109109,0.000204689784991465,0.000205468144776158,0.00149416601699804,0.000183035881943829,0.000192213536590423,0.000326046301919987,0.000550464645567855,0.000192702542606999,0.000200695056594783,0.000208063888295441,0.000424007787248207,0.000206169054158789,0.00248189517266418,0.000196632142686523,0.0001897762247395,0.000186488095162103,0.000195259921188601,0.000211652905035141,0.000207286897106281,0.000205323470790672,0.00038938648162686,0.000504269690428881,0.000183322075652784,0.000194248773168359,0.000320265725126781,0.000191796878334398,0.00233227788743017,0.000215055837169041,0.000192524261356915,0.000183964014546146,0.000190070766617994,0.000192718773122704,0.000202121540378668,0.00029904875805598,0.000489927817981084,0.000205131967963364,0.000198171341848972,0.000323809624527852,0.000202983417056686,0.000185892049399756,0.000806994502675179,0.000193698295258262,0.000271894128059232,0.000213872217711681,0.000208627345662804,0.000203892131286835,0.000495493522156049,0.000194548758556803,0.000345449360053771,0.00018722953757149,0.000182846699453956,0.00020939152899645,0.000499904607142471,0.00020146063346641,0.000428901667957973,0.000208307087451394,0.000203359378648965,0.000186673863753482,0.000194841256597837,0.000202498687760728,0.000312370747998505,0.000611453901377621,0.000194114834963592,0.00023294076463247,0.000206388871740822,0.000329327981243792,0.00018750385238162,0.000184841596042509,0.000186034602824578,0.000489541849306592,0.000181945362373749,0.000215235659604349,0.000182549328066146,0.000203203095909879,0.00120193004835805,0.000195669136088454,0.000190047463117193,0.000212913639556018,0.000201361147822307,0.000219469926543205,0.000197120718441332,0.00219524806660898,0.000213386314312829,0.000189347926809212,0.000206201670853988,0.000403480012894633,0.000396346985552613,0.00824925241095147,0.000473397487702392,0.000199188214866195,0.000205011894562842,0.000210461892548694,0.000189073895059345,0.00164632505544261,0.000211546885546241,0.00795810993625892,0.0016118001808267,0.00124222272461663,0.000497868317994714,0.00069569711183207,0.000407609659229869,0.000217674703747609,0.000212992414203533,0.00042952916615139,0.000214346846010023,0.000395209209248017,0.000211321156991127,0.000207752179983943,0.000735994916256821,0.000187144468894767,0.000210977060571022,0.000184255780040526,0.000642132404302738,0.000197388242906309,0.000639602069955528,0.000620952773344677,0.00108129823567575,0.000167212450767742,0.908332972816578,0.0295618499527668
"14","Hand","305P1T2","305P1T2",0.000584230800737244,0.00112846127280827,0.0003290910587155,0.00033780665312841,0.000350783820988613,0.000325457541926736,0.000342691667023358,0.000376109138961934,0.000348542357945854,0.000364560314899026,0.000338327677630179,0.000357038357016546,0.000339525073193448,0.00034862484833046,0.00126300424326941,0.000570015926097266,0.000335199761696116,0.00728149171483353,0.000328790870267223,0.000358732734439955,0.000308080613016822,0.000333434854208508,0.000318725343521256,0.000607121627764097,0.00033947662899802,0.000334918102726464,0.000343405327331353,0.000377619351817357,0.0100951977116638,0.000297813135633445,0.000337607501240404,0.000333117301948289,0.00030437908967268,0.00036525079746178,0.000313528634957375,0.00032361164147222,0.00031697240795979,0.000348113488563874,0.00058356777979766,0.000898673960020055,0.000346351765616154,0.000343161723282741,0.000333171882906256,0.000338453412792861,0.000352155389666709,0.000325239560893459,0.000341874668679185,0.000324452753979232,0.00034529737100859,0.000342969638126731,0.00126833590178758,0.000357367662419884,0.000368453704920869,0.000311787071967133,0.000312807357364879,0.000312240146932566,0.000354506859227229,0.000326019691569695,0.00031427553273712,0.000359032800839244,0.000362586975066609,0.000333747681742891,0.000346323670279403,0.00060346988794505,0.00034041000614199,0.000326889722408232,0.000354373292858816,0.000616999045451663,0.000337848323648879,0.000329562063337346,0.000316199428631991,0.000361998941315603,0.000362498835040287,0.000327956528100937,0.000293528935675426,0.000302507321895026,0.000369739172182939,0.000303413721214082,0.000352610964877848,0.000357145354162745,0.00031017255004328,0.000324689228093108,0.000329402607975394,0.000319233786327857,0.000362871828239045,0.000345385720531897,0.000342686486030883,0.000555984475069194,0.000322204430990944,0.00230973437874076,0.000779365653695401,0.000319189519493191,0.000318533031249993,0.000333296094540973,0.000311637960685455,0.00133292229203299,0.000335270218599288,0.00234465565885228,0.000314024562513184,0.000345404749677273,0.000324067261253548,0.000328155193317199,0.00104430420901898,0.000343570279150293,0.000320418033450799,0.000288708892578312,0.000306808770691175,0.000351225555909787,0.000330643969075287,0.00128973608560344,0.000370735369332512,0.000346949104172406,0.000353008518482655,0.000322615792092938,0.00711466993834913,0.000368412296854436,0.000326585997732929,0.000346633657374615,0.00226456100141026,0.000387024784602694,0.754095913799193,0.168051720354591
"15","Hand","305P2T2","305P2T2",0.000397411566228785,0.000443829837934856,0.000411374399267921,0.000429676652639953,0.000442725748303259,0.000778279754568674,0.00044151792413665,0.00046960970373232,0.000431943296081678,0.000434306115964756,0.00044118993736009,0.000455538526458525,0.000479018162982613,0.000437011245127143,0.000438074687053746,0.000438243018871956,0.000492341026042259,0.00055522974685117,0.000435756715699423,0.000422885527491782,0.000431665559255561,0.000405348799052979,0.000444478994533869,0.000516219394413419,0.000418334221080521,0.000457533578126103,0.000436340357141338,0.000486995197525534,0.00674260284125278,0.000399016444392569,0.000449095873649305,0.00166894656658489,0.000463767634347048,0.00044441357344787,0.001085421102632,0.000416088956053244,0.000488320476102204,0.000417265063906849,0.000437139207157863,0.00364166304475145,0.00046577712734262,0.000471498257945476,0.000447313746733177,0.000440840510205272,0.00046052802334903,0.000442658415376074,0.000432285848942343,0.000437917888133774,0.000438244333935646,0.000457024312255535,0.0004434983703366,0.000410167351012198,0.000409343376976917,0.000435941186098838,0.000418308436407874,0.000447180339753494,0.000444010217595079,0.000407566900825455,0.000438104888497397,0.000467499563003685,0.000460041856911773,0.000450513355524335,0.00048604947366072,0.00183747265127008,0.000423564306332596,0.000412108633401007,0.00043677183910344,0.000763412113060234,0.000388204065140249,0.000412485727161821,0.000436347234900645,0.000454268491104788,0.000428297697554967,0.000461743947345128,0.000453528438171004,0.000477717761572855,0.000428523184426225,0.000418627548898807,0.000416123624507586,0.00040517401005539,0.000443623162259957,0.000454459719647937,0.000387659067360431,0.000486339938877547,0.000428733723745861,0.000426087923150201,0.000421874006767734,0.000415361114269339,0.000443609853219377,0.000854027662505131,0.000433508361344947,0.000414378027181101,0.00048086236303946,0.000391950980720835,0.000383412182417838,0.000444263868594709,0.000398320872142488,0.00145918849552392,0.000442462137180775,0.000448294468458862,0.000458210399271641,0.000462544577724102,0.000408853386655152,0.000448462078560671,0.000732584494057718,0.000414019605106379,0.000392159638553705,0.000439115978705043,0.000782491618773572,0.00043524306089169,0.000716052289027467,0.00037432361534905,0.00042794998303967,0.000468326060240339,0.000576747597296593,0.00045186159416286,0.00039426247982406,0.000439936769832029,0.000414047401764265,0.000465588881737077,0.159597174797103,0.77184832023088
"16","Hand","305P3T2","305P3T2",0.00107542364937891,0.00102601238567251,0.00100624425910819,0.00101088341856441,0.00100499782383406,0.00104020905815719,0.000949565428008769,0.00097976743918678,0.000921158800919488,0.0010027546898022,0.000954496634022132,0.000836876002756312,0.000936806145867035,0.000965648619997341,0.00177755083403437,0.00100302470851332,0.000993961359247199,0.000984115809147969,0.000907885172874451,0.00111676236035838,0.000893536057874821,0.00105981660050295,0.000939343949163158,0.00103241743447651,0.000907872059953287,0.00096227623810961,0.000982828888415472,0.00107383171595558,0.0297171508201212,0.000943942856379221,0.000962542243636785,0.001078905097636,0.000938579448286714,0.00104564279734944,0.00107551730824293,0.000997276713029208,0.00182004136035411,0.00109486892593946,0.000931536224604758,0.00680613185771502,0.000949201655618788,0.000930159084992882,0.0010244967950832,0.00103384741583516,0.00100408453829601,0.00104262022377433,0.000933097146598479,0.00103642458967631,0.000894131979851232,0.00110577566600822,0.000867909369467424,0.000831259000689671,0.000998545736214639,0.000885555310143543,0.000930148353123924,0.00107492609037046,0.00102689756949477,0.000952173593867222,0.000973353114791091,0.00100183895662189,0.000976729012916054,0.00100824634214918,0.00108788262553637,0.0010256043230734,0.00108021695812105,0.00100307658835652,0.000967152548388295,0.000938497982871497,0.000877620086633447,0.000983171149273457,0.000935995499309619,0.00174936486207176,0.000857588849006542,0.000993326367907306,0.000988522297433417,0.000908855978835324,0.000968097789259714,0.00102404668292549,0.00088029893263031,0.000939542397247095,0.000857513861609872,0.000997889428837445,0.000984944787536865,0.000953543702827434,0.00101796838268662,0.00102931395210341,0.000988756907038477,0.000977597189038852,0.00103118993960794,0.0011270777635822,0.00100416370091762,0.00106696214430608,0.000973751410290568,0.000930402580418635,0.0010217737375506,0.00106604173688646,0.000876251462073498,0.00123539729368892,0.000865102217077586,0.000860833330343929,0.000956958720919732,0.000946117776267531,0.000910566256715627,0.000988446410336916,0.000974963611101896,0.000920124412110621,0.000940638882543811,0.0010103754509552,0.00468668725537458,0.00105781220984031,0.00171527700898937,0.000970135904725042,0.000959125454476171,0.00110665016416945,0.00117106889036993,0.000955462992935105,0.000888416440516684,0.000952202942201089,0.000940229319473955,0.000954464578802437,0.534991881132248,0.305687431994841
"17","Hand","402P1T2","402P1T2",0.00044105146251179,0.000518483511825067,0.000477261258636501,0.000436350651796804,0.00217339289398421,0.000448465036364298,0.000459068232028519,0.000788436850015813,0.000474220011397176,0.000425774724936249,0.000446974271088422,0.000421126644415595,0.000475893603609602,0.000464312558028165,0.00313036811868167,0.000466016762416951,0.000456538108739214,0.00159671757338026,0.000410925992622208,0.000486860818563729,0.000466747329840762,0.000479988496290956,0.000477192765845783,0.000468493424134489,0.000476899880221345,0.00148009108727997,0.00113003632936577,0.000512801822045271,0.000626537684315098,0.000483511557154992,0.000473039998314521,0.000447708441103596,0.000397253036359351,0.00236075988938662,0.000786583462658238,0.000438662696689807,0.000466661539520623,0.000464341410897169,0.000460963974726667,0.000537730032700123,0.000431192693590801,0.000437519479958308,0.000805286244533082,0.000454947186322947,0.000459286750473326,0.000501013159032218,0.000480268604124229,0.000467898769024027,0.000466604781575156,0.00049947559322119,0.000460923868701927,0.000459622977810884,0.000474493156647653,0.000440725455710336,0.000441085283735301,0.000431062175995359,0.000489200576674003,0.000422143144806295,0.000498409469360207,0.000442410163587817,0.000535314010367154,0.000434667328214132,0.00047885618697566,0.0079399815719741,0.000496235447723532,0.000438084301832426,0.00051590147272875,0.00113871913923837,0.000467741375510609,0.000493171134218105,0.000446017700997033,0.000488811079520064,0.000411349051428334,0.000474308842581844,0.000472330947421067,0.000431253472107304,0.000498967453686109,0.000469259181179297,0.000452070999656382,0.000472523070771996,0.000462706124207231,0.00174279218747302,0.000420318870958947,0.000459693852476953,0.000480121983888054,0.000498506322226594,0.000392991262654752,0.000803543826105028,0.000491627902264163,0.00275868793446176,0.000454175300044203,0.00049315779272444,0.000872344270314587,0.00047808912425451,0.000458936247373058,0.00209485286378514,0.000483744118128774,0.00832019437148554,0.000485302858137069,0.000467297204290801,0.000441456627220854,0.000441513981743058,0.000508392296314352,0.000443132493726466,0.000483988158967396,0.000414562039941886,0.000434229623781022,0.000510132323328688,0.000481050029073975,0.000496477062219855,0.00215959748299951,0.000455216475391356,0.000473799505387622,0.000466630792848199,0.00417469055952378,0.000484200835037927,0.000491782275168038,0.00108964781468054,0.000491046489488543,0.00044302090907692,0.891986105947712,0.013956864612203
"18","Hand","402P2T2","402P2T2",0.00125319477222394,0.00133810988967761,0.0014387419134911,0.00129801938316479,0.00139041908567822,0.00142397747505313,0.00136598002850848,0.00148791540203483,0.00142667114029667,0.001433770361177,0.00138710369981743,0.00138129837859963,0.00132989639032689,0.00145578196084703,0.0015449499066917,0.00145434705183283,0.00140929412268722,0.00149101656771531,0.0013859276642291,0.00140032969607576,0.00126469836058708,0.00122677203250472,0.0012414414483985,0.00141619943608034,0.00155284843771124,0.00142584867337761,0.00139754731838778,0.00145264002839601,0.00188396663644516,0.00147588437891847,0.00132445185121519,0.00142832147019483,0.00127005572233049,0.00143114283708867,0.00130931500638332,0.00136190107495765,0.00141054670657519,0.00129086744386923,0.00145724758764552,0.00255041291930175,0.00124654323998698,0.00127162825458703,0.0014592037197259,0.00129119427621693,0.00141561707858857,0.00129744388925603,0.00146466429662386,0.00130286747159844,0.00144965370579866,0.0012070634967629,0.00144003561751896,0.00142312164887153,0.00118962004531539,0.00151835340847286,0.00145171948463571,0.00127910779707018,0.00136336026968668,0.00140067744692307,0.0012933091726785,0.00150337903483212,0.00129640601998172,0.00120364697825527,0.00131827108495646,0.00161820645945438,0.00125931701615877,0.00141274485123051,0.00134392086060139,0.00134434416572501,0.0013634009775459,0.00148959746453076,0.001555147538764,0.00141804694042949,0.00142037881203454,0.00141731588128844,0.00142893158326561,0.00137348288624433,0.00151922700790301,0.00138491682617204,0.00136677844490912,0.00145202883273884,0.00158342904961781,0.0013564242164576,0.00150089230836795,0.0162601395828696,0.00144456860929764,0.0014276546751574,0.0012716356789964,0.00130994185269386,0.00139058148707547,0.00276176437786883,0.00145861040276053,0.00130499888351833,0.00138285386299582,0.0013563442709564,0.001429456486393,0.00149244320983154,0.00136979859478015,0.00169263998553626,0.00136033420193178,0.00133118468867814,0.00119435082146037,0.00145060646821253,0.00147856187490822,0.00136704547126795,0.00134112411210574,0.00130052968767007,0.00153295291214433,0.00136319453941078,0.00154634720692808,0.00134462149128672,0.00162433539898168,0.00149930498386295,0.00146488096305607,0.00141709750866487,0.00154092459231604,0.0014623078563031,0.00142801044343213,0.00145603635279618,0.00154626980138861,0.00142180089912864,0.796256945365286,0.017953526575767
"19","Hand","402P3T2","402P3T2",0.000991550089810031,0.00109488017516032,0.00103384848111153,0.000989292385159637,0.00184372191636066,0.00110080691484812,0.00114796833476535,0.00103257594808582,0.00103479226660375,0.00104464360872338,0.0010718461018524,0.000951494471733623,0.00103683369983339,0.00104893311229101,0.00118383604599818,0.00113864823243113,0.00106770485498753,0.00118321488175379,0.00100053465676981,0.00104639405501544,0.00103088920987059,0.000993563521838155,0.00112300147398948,0.00402131468906696,0.00105823648341172,0.00101981816543636,0.000970912588643919,0.0127869962323616,0.00236593370598299,0.00107850968076149,0.00101135173150746,0.00117418725046709,0.00097333949386063,0.00104573496638056,0.00103125328475622,0.00109574893595275,0.000943009605697132,0.000969083508854369,0.00097440242338254,0.00120112016839713,0.00112186144414415,0.00100287672388876,0.00118603587251043,0.00106361695877182,0.00102912112079632,0.000952561384213566,0.000960628565313047,0.00106934338748762,0.0010082898403107,0.00109713609839708,0.00112308683186303,0.00100356870314451,0.00106536096052143,0.00110883615728375,0.00102481997256797,0.00100298206042922,0.00110513557414738,0.00109841031066924,0.000892048087849851,0.000959061191370497,0.0113279580114747,0.0010515532300679,0.000980320658502798,0.00120548459562211,0.000969800738668004,0.00108600048215786,0.00102007665131173,0.00111832761442591,0.00109491698384961,0.000992848180093485,0.00110858792267157,0.00105450807975874,0.00111818537650375,0.0010064994093862,0.00116950669600513,0.000927750079746838,0.00106573396730211,0.00114196353782161,0.00111157184644395,0.00107666091396997,0.00110792284274402,0.00105160368118622,0.00110513602257895,0.00115572930613096,0.00112745595598793,0.000967185458292293,0.000948542748335002,0.00106249500659155,0.00097535108372116,0.00446446664183305,0.0026806935709697,0.00104026563933442,0.00102471978969426,0.00108139329731366,0.00110277865897733,0.00109718348100479,0.00113229385618899,0.00271699368657768,0.00108120903405747,0.00103101357436213,0.00113483168386128,0.00100771762806501,0.00101212090132309,0.0011379303151243,0.00113145734782129,0.00105585634889597,0.00111237345133634,0.00106712267829225,0.00124395385106097,0.00180106420564982,0.00105081562246208,0.00113977536312046,0.00170365962512977,0.00104867772892665,0.00607844659832397,0.00104204756591394,0.00110850772007469,0.00105960269174566,0.00101169768699925,0.00105557145705767,0.814009827005863,0.0186175456116929
"20","Non-Treated","301P1T2","301P1T2",0.00128782692754052,0.000420424382106758,0.000478950296308495,0.000461206754788581,0.00130894472493209,0.000461418052351616,0.000417849342230179,0.000971056572981404,0.000421846243548305,0.000387297627915906,0.00040204584999606,0.000449365819227572,0.00052176213241641,0.000751672017053008,0.0220352196818825,0.000448677181140337,0.000489457353326979,0.000434132587681976,0.000394311299805511,0.000438965940838102,0.00193406422627931,0.00047152977602686,0.00188441925149255,0.00247067310644762,0.000461753115378021,0.000425357878264187,0.00162296132070427,0.000434791112037286,0.00364128213100386,0.000438107781960491,0.00043804802514606,0.000442924827912905,0.000396787472978543,0.00259692227657842,0.000390667288636378,0.000533928500983164,0.0012272362323032,0.000399777026599276,0.00103508086654343,0.000460380176198249,0.00041682739978569,0.000452595995178771,0.000429601246474751,0.000454499458335546,0.000470265210957122,0.000436918021102372,0.000406086744486895,0.000431754429132037,0.000429605018397262,0.00042920017721702,0.00075185387729624,0.000405402275392197,0.000430551797121955,0.000434607637030121,0.000435366711976953,0.000442040060921904,0.000418026080691989,0.00036370649319717,0.000428134526999234,0.00041002576949505,0.000437337985407306,0.000776854109545119,0.000469941699536225,0.00101601005149002,0.000393955183196822,0.000411205841564227,0.0012734567648867,0.000485580784787789,0.00330235754683389,0.000433872348991982,0.000418178907913513,0.000442294632325674,0.000443592453349383,0.000415452092716464,0.000432314561275869,0.000430493113345382,0.000483090838774941,0.000469656267733631,0.000444203939663081,0.00267549368531432,0.00221046628795314,0.000637517662075369,0.00343774758932336,0.000440114917691411,0.000467702210349546,0.000425896697541352,0.000453122828522608,0.000427113886884648,0.00192133131384911,0.0115589564501584,0.00586331727417235,0.000419096938214325,0.00234984591060838,0.00426806135417462,0.000433157426654688,0.0043665064712529,0.00182245452643977,0.0250983688461229,0.000435550719638782,0.00380305095151448,0.000443812384924454,0.000445488216958818,0.00047951823015286,0.000393212927492137,0.000422843168578018,0.000416619385001196,0.000429892213561031,0.0038707352967735,0.00406725262855271,0.00049580711674387,0.000732930613660908,0.0162678126365509,0.0023130756598256,0.000441667833459068,0.0103961677260765,0.000437295357224367,0.000740639450371655,0.00131925006781227,0.00103777619384965,0.000423941824094708,0.623117992192304,0.181245353691501
"21","Non-Treated","301P2T2","301P2T2",0.000196002926129028,0.000198035952634837,0.000221894859757017,0.000191197355805017,0.00044048966362159,0.000419161177171942,0.000192117366155897,0.00021101252594175,0.000182321923057148,0.000175932046897581,0.000186439172081,0.000179280593311956,0.000344604797850117,0.000189873585629949,0.00621189429829022,0.000204054650814999,0.003601258013834,0.000204642008724958,0.000184568894646798,0.000200850381417889,0.000196319159773957,0.000214229708002654,0.000183187438774321,0.000195083101585297,0.000186271920565542,0.000172695522639156,0.000606435703756876,0.000195001415829618,0.000366070943524933,0.000182931040666297,0.000187666267629704,0.000191962972023065,0.000200744349207046,0.00045562976949811,0.00016831641096205,0.000436221273571976,0.000203543582044023,0.000179526614390455,0.000199112008904762,0.000225154938736271,0.000196333159801288,0.000194790493310099,0.00018886368656199,0.000192019886926553,0.0001873811389961,0.000194156375306361,0.000175602112177842,0.000657573429083035,0.000193587447024519,0.000179372210742527,0.000192019178892994,0.000188231024746775,0.000183482455625782,0.000189030621215062,0.000186541051672525,0.000188837130929133,0.0001818484555708,0.00019542886063149,0.000199294024278399,0.000183096600552898,0.000182604409332493,0.000308975835662777,0.000185092840486208,0.000689855780677297,0.000170408700303675,0.000209541194922984,0.000217853603285991,0.000677747981655904,0.000341936123541033,0.00018305702342314,0.000195487813121124,0.000180658232569813,0.000192030717526947,0.000169356382754004,0.000167406200303021,0.000184496937401816,0.000853426843875155,0.00155279930838977,0.000305151625668454,0.000192757004064539,0.000212353763136847,0.000202026708403846,0.000197043947089038,0.000186960665920162,0.000291243705464449,0.000176832281087378,0.000162689398099284,0.000173983336609578,0.00129383184437044,0.00618427866747856,0.00021240678907865,0.000199074897820128,0.000201777203053693,0.000221958309160887,0.000182072962972517,0.000636026646103496,0.000189758224727283,0.00686714686156138,0.000197342842031237,0.000613519400868402,0.000306746926191002,0.000167581162956645,0.000563822215486401,0.000182951705091981,0.000178570163647184,0.000196196020476098,0.000191935074439756,0.000322140666767626,0.000193775819222862,0.000203623449714912,0.000701014486292314,0.000227268693352226,0.000204447458199482,0.000181359087566842,0.0020222950040653,0.000182889291255742,0.000191714404412664,0.000824224584009841,0.0012464784285302,0.000187645188310417,0.578143296445035,0.364487825031067
"22","Non-Treated","301P3T2","301P3T2",0.00328951031579575,0.000625735664523854,0.00066740045661684,0.00054951071895106,0.000608476086742071,0.00059453170585003,0.000548444515685132,0.000572100634585688,0.000575460157588965,0.000608423021758665,0.000591879406543872,0.000968561853827205,0.000649726831176507,0.000611305946537457,0.00296051247561524,0.000624403168675503,0.000627788762620725,0.000535689483260591,0.000537064756993604,0.000571067715338148,0.000588076912629125,0.000685773770123733,0.000566047423852929,0.000601510366356819,0.000537418955253627,0.000581722986513085,0.000654035872174288,0.000591223825587308,0.00204182406495032,0.000640901984197275,0.000626833521141441,0.000599192879317646,0.000619887053722096,0.000675762108847489,0.000574473614784737,0.000638283906195438,0.000623713076115802,0.000598289038468381,0.000614779199939307,0.00459503607797002,0.000600570094565911,0.000543962308452186,0.000583877871082481,0.000585607767405522,0.000567620003643582,0.000608935586787486,0.000602430542092605,0.000640072960531556,0.00141362153834329,0.000546020718206107,0.000611289639788144,0.000623497284566933,0.000604990045735603,0.000570139462649547,0.000526052349852434,0.000600838532795486,0.000611677553772019,0.000580316869885206,0.000617121642098685,0.000559927718364962,0.00052789348488091,0.00217306530930156,0.000608800508118393,0.000686797891341677,0.000599221211117415,0.000571515776607387,0.000680728657039269,0.000619805278085135,0.000660031516452624,0.000577778355048677,0.000545326744895413,0.000985037112319525,0.000663204856499972,0.000524797125727501,0.000538184297660125,0.000570931098548299,0.000653511307241674,0.000674294401108395,0.000573735606804766,0.000637921566872391,0.000651056121841168,0.00059974561003828,0.000674388237514815,0.00059997970173591,0.000566043450470273,0.000618808407850231,0.000575945464148256,0.000576306130671773,0.000616901030107113,0.00203615277232364,0.000690303025370836,0.000652844454901507,0.000624072640001323,0.000660630952563625,0.000582905246515569,0.00232115303734943,0.000619231938094206,0.00571613072982103,0.000563461168912959,0.00100194699955595,0.000583249280740838,0.00057580978787658,0.000690485717480523,0.000591380750052954,0.000550028437405329,0.000580408651351704,0.000629041356297513,0.00064636801569029,0.000582399724719519,0.00132017748131231,0.0010912891135574,0.000675205969362587,0.000636192090254001,0.000526291896535182,0.00364797394195313,0.000653377901749046,0.000640615440988978,0.000639362236563614,0.000742880087032043,0.000540120442976663,0.779290482536676,0.121575319106517
"23","Non-Treated","403P1T2","403P1T2",0.00125941402430135,0.00184646921283309,0.00123764412410088,0.00124838847777904,0.00200123616355593,0.00115830342566606,0.00108855024424636,0.0019091584980827,0.00111308611396048,0.00108528718649042,0.00131798067014278,0.00113953819551693,0.0055328966914548,0.00113941551773862,0.0198191481692944,0.00423601232968411,0.00130620585841393,0.00273678607755539,0.00112265026270116,0.00122689845103942,0.0012711338888924,0.00126968684506039,0.00116850809650617,0.00110455987145517,0.0010719019793108,0.00107192358649471,0.00508202888065513,0.000965239807905319,0.00573339225645012,0.00119164355896839,0.00206347520220023,0.00107952995971341,0.00109189866008784,0.00137451638645836,0.00113663321309865,0.0035731613478135,0.00191023690546339,0.00127243961216517,0.00110727601862846,0.00208852967539713,0.00114920164143621,0.00118710429539802,0.0011420946236086,0.0010767706020189,0.00130134815914449,0.00110762823028756,0.00116196143337615,0.0011615601855721,0.00118723138673279,0.00128702036286973,0.00115708118342855,0.0011651042738383,0.00109412876170266,0.00116996888810648,0.00118903716960886,0.00120713327748944,0.00115403346624928,0.00111819895490941,0.00123586775781607,0.00112125594725002,0.00104429104215574,0.00197273247820755,0.0028026938466765,0.00214863158662027,0.00115565780602024,0.00110980172355013,0.00374942870677549,0.00593921076053588,0.00516337427038059,0.0010824137309445,0.00110042912868266,0.00132537198511908,0.00126330741332294,0.00122680239580635,0.00115487435766331,0.00101367303246062,0.00365158613871807,0.00110764807730148,0.00118137819866515,0.00119083564269506,0.00281897194228364,0.00115791527189695,0.00127326494814437,0.00114321448675076,0.00117602727311163,0.00133702333308103,0.0011589623712667,0.00114961085273339,0.00131628427898481,0.0338205706802015,0.00204838038719317,0.00122227236981625,0.00117002772784161,0.00427956513819739,0.00128091392538029,0.00169499195898432,0.00121458665727473,0.0663618167518605,0.00419513975348784,0.00122241117371511,0.00109406587095088,0.00108097633303339,0.00362327951381394,0.00111298007768196,0.00121194354880192,0.00276933806459275,0.00200901581275857,0.00145078005812477,0.00189372108535469,0.00121855955061418,0.00292622155063688,0.00123457408338733,0.00115303662536262,0.00116162150810541,0.0237873042236012,0.00107364997343861,0.00111634908296883,0.00129114346795743,0.00287383448207639,0.00103225181721406,0.615144591792069,0.0447881518248209
"24","Non-Treated","403P2T2","403P2T2",0.00156983349942306,0.00138561053648286,0.019305955142801,0.00131969482495382,0.00140309074957116,0.00141868592598227,0.00123921802532274,0.0014130298238046,0.00136872084010801,0.00124925160433393,0.00131084462985925,0.00136316380935436,0.00235313030225252,0.00127068477286818,0.00309480509401686,0.00132166559814194,0.00151232947506143,0.0014115788161837,0.00131995564944255,0.00127516424136957,0.00133257977378053,0.00760068029944151,0.00130955699118878,0.00124642178548479,0.00127206635774478,0.00120626497377985,0.00161783507656953,0.00131172413823377,0.00344413055027518,0.00147563598590641,0.00137617536607967,0.001402333863331,0.00121358415436206,0.00158499768111471,0.00130367582477163,0.00148007717706641,0.00128548606443624,0.00139188902254673,0.00139223072956208,0.00148053668416626,0.00129987263532826,0.0011242236629308,0.00224905528623671,0.00124243610209954,0.00121707571874812,0.00116120801210506,0.00120474288808885,0.00146687149622371,0.00123491614686958,0.00116243252291337,0.00135022556041508,0.00117858769907294,0.00136799665222798,0.00140228359308416,0.00134667910913545,0.00123218201784569,0.00142365423090234,0.00138308056194656,0.00122472020606048,0.00119032095071722,0.00122207658732858,0.00150115701230522,0.00144124955807283,0.0015844020475662,0.00127992741180148,0.00120803273399399,0.00145247664559577,0.00145080731809844,0.00158256225507016,0.00133888170092828,0.00136372303444161,0.00131944653256315,0.00376423972454442,0.00119340393260425,0.00132552191965826,0.0013132533212084,0.00153276286402306,0.00140375317942493,0.00127840914887808,0.00127671005159513,0.00238352503980049,0.00134809204901098,0.00141738713493652,0.00126270935148043,0.00144147110224349,0.00126498298253411,0.00134079380024804,0.00126283000828443,0.00148057723086658,0.00552787948592446,0.00166058423357779,0.0012842138425463,0.0014695467566113,0.00155010710001917,0.00377358601566029,0.00190376304963706,0.00133639496649886,0.0061345388046563,0.00142717453128637,0.00160488838363507,0.00127618434132975,0.00123333896387683,0.00141155102650553,0.00126364449073777,0.00141617652034272,0.00137842698758881,0.00135837248424898,0.00139816184982609,0.00142607077604637,0.00117638075287671,0.00323424250517954,0.00161809771884426,0.00150900271563928,0.0013043180602417,0.00374602249347038,0.00126803833781026,0.00135288489499985,0.00156040358606673,0.00246716247269546,0.00144753799013825,0.71763971846095,0.0687095588072964
"25","Non-Treated","403P3T2","403P3T2",0.000432704911661116,0.000398857625819619,0.000429642627136311,0.000423824003999858,0.000717917250615295,0.000405543058248775,0.000372333188162957,0.000409762348031437,0.000329909186030671,0.000441225344699294,0.000442533555100467,0.000407475813015124,0.00098983173809993,0.000694269230873658,0.00209078159976654,0.000423064425291059,0.000481647780230542,0.000434066545063168,0.000425986685080856,0.000413974109184782,0.000705678386782042,0.00240611032069688,0.000444893330515387,0.000449243339142464,0.000410908481783629,0.000381384615010325,0.000701951021016258,0.000417174878129908,0.000827436388038335,0.000436478565979742,0.000450636344709193,0.00203008786850343,0.000419352765419174,0.00049493777944124,0.000414911435806956,0.000435597764001468,0.00040318942645916,0.000398966725054282,0.000411900888869717,0.00155482418188472,0.000357883847248379,0.000399757281482655,0.000400792979356913,0.000425642571621445,0.000404805033794209,0.000403599268589257,0.000388019324790304,0.000475155108082547,0.000446967932512222,0.000361060879733619,0.000678054692617378,0.000395993796486532,0.000410959564333293,0.000417645766387274,0.000410146399833553,0.000377517560549194,0.000437665348159843,0.000379678876530785,0.000401726819836361,0.000426332983304393,0.000424893799851319,0.000477148462053987,0.000396735047604339,0.000671556934197613,0.000373923392339183,0.00040481191823678,0.000500080783437111,0.00131963261332931,0.000465831180016966,0.000384643725605153,0.000414223975656217,0.000406816985851692,0.000371015350693156,0.000369577912540276,0.000392198345438957,0.000393344634056887,0.000459629190538303,0.000431865688779141,0.000410163691444339,0.000408628733904506,0.000482579658275788,0.000415932115852807,0.000403509511310564,0.000419698051738869,0.00039285047991822,0.00038247335005475,0.000423799285359015,0.000695496780964868,0.000469956083373004,0.00529812568579212,0.000715177327586518,0.000427264678435111,0.000448308641141648,0.000492340978495702,0.000433877230395866,0.00381465668120698,0.000387678182256215,0.0041911847988561,0.000418503465976481,0.000686088126952857,0.000449289971889254,0.000431448140662082,0.000433391039720432,0.000458807599328297,0.00041177795259226,0.00041893832222468,0.000402529553019643,0.000443657991136363,0.00044137496842353,0.000402067347091903,0.000536782868302582,0.000466586334810263,0.000413149385526069,0.000393770493996796,0.00227951544945965,0.000411569900272618,0.000433237147059865,0.000427524907685705,0.000503748757333602,0.000403918745240822,0.853902536712701,0.0708977313633976
"26","Roundup Powermax","302P1T2","302P1T2",0.00165836100165471,0.00144370891001383,0.00123290779919581,0.00154806114192917,0.00176254896613244,0.00141161039516644,0.00165626890470998,0.00179026384768107,0.00139688706141083,0.00159766446498859,0.00146748564692505,0.00152329112404608,0.00138809680968559,0.00182975200149102,0.00481484172560208,0.00138803235117995,0.00138903312955245,0.00133612517113362,0.00151035022026522,0.00130394359114973,0.00152129808553959,0.00144774726798141,0.00150008683371156,0.00129800288723051,0.0014188450155397,0.00161796362298304,0.002562864891996,0.00148435697213647,0.00363325937999921,0.00141335228976187,0.0014117445834843,0.00154375219596048,0.00153079882607056,0.00142287901533536,0.00127940783368878,0.00151634705884163,0.00140475881675125,0.00134188818205009,0.0013084684236103,0.00194145765474162,0.00161643403505668,0.00139147683239291,0.00142268382382614,0.00159110164781618,0.00143474201834072,0.00772517843667127,0.00151285971526123,0.00152764500872749,0.00136547742032859,0.00150956998791031,0.00175136125126219,0.0015454302662657,0.00126475663979116,0.00156749768696616,0.00144874427097187,0.00139989461882036,0.00159232017946954,0.00161242247073897,0.00146950340713725,0.00141713254055296,0.00132854412373248,0.00157716326311261,0.00257123376638286,0.00444978537345844,0.00121885457785191,0.00145498142849904,0.00147467817158478,0.00145577048307052,0.00162340781186615,0.00145019862023215,0.00156033061169235,0.00136069702842563,0.00134387230804211,0.00161262356312456,0.00167846790283056,0.00145853868075214,0.00179262376330779,0.00139534854868228,0.00145376586638021,0.00143731589550435,0.00139625089132983,0.00244235123541285,0.00131402701873656,0.00142510791399342,0.00239723326148062,0.00151903521802669,0.00157526142009489,0.00143029775377554,0.00143040602226504,0.00518839252321338,0.00337093582339754,0.00134889879527944,0.00146547947825797,0.00128896215155833,0.00159444526130301,0.00155896882036283,0.00130251825187571,0.0213440595070054,0.00149385128637474,0.00159671459466426,0.00153117958357744,0.00144734990519839,0.00162698335932699,0.00137603613559204,0.00147497595310687,0.00154654918774254,0.00149762685386739,0.00153075477697215,0.00149866748399254,0.00149319364499599,0.00499910107217964,0.00129945354548397,0.00140091872320467,0.00122259193313041,0.00453398531425076,0.00140760749117532,0.00259685346328515,0.00171571904709102,0.00162015489288714,0.00138227708678207,0.732407330516265,0.0379945446533165
"27","Roundup Powermax","302P2T2","302P2T2",0.000538850289234368,0.000234764923637454,0.000197633873859206,0.00136685119174566,0.000232712821200575,0.00020252500670494,0.000248113312288093,0.00026684061228611,0.000208712730794938,0.000243781521365255,0.001345982539644,0.000663142374043738,0.000223244804303857,0.000689229158190995,0.00454677659123503,0.000223466484562477,0.000209124992946342,0.000199270361251424,0.000235274877612856,0.00022706388895614,0.00104967087774326,0.000485886838627966,0.000235086731281146,0.000265491733489939,0.000248387213897569,0.000641321122643194,0.000257767676732635,0.0002199672524086,0.00160156505815634,0.000362589902828833,0.000256691395191044,0.000228509074472568,0.000251096087216852,0.00022835054013308,0.000233567807076554,0.000218201079617293,0.000231349566824511,0.000221898901353536,0.000229251539349745,0.00168219265621612,0.000231229099652541,0.000206927731583005,0.000366996413130953,0.000252684469059927,0.000236665482251225,0.000221247362622708,0.000198431007926764,0.000197150230386846,0.00022418173415144,0.00265543862136715,0.000230444246529689,0.000196635926594393,0.000203926461895386,0.00022252113116814,0.00024386903334401,0.000223755380647297,0.000509381713308882,0.00182743051878367,0.0002514724274676,0.000217383563502814,0.000210367601497807,0.000525247928748665,0.000219698019671051,0.00155109437442498,0.000228925800086067,0.00023933170661796,0.000243587985244223,0.000206288541064555,0.000246061830843475,0.000224468073329503,0.000227597960784821,0.0002247315778667,0.000206544103926932,0.000224958013672355,0.000272764330026145,0.000261226564772642,0.000382605497542436,0.000204475321521405,0.000241720274706952,0.000213174038051313,0.000214889251743583,0.000235471422810002,0.000191098654983065,0.00021410229002283,0.000252479268872737,0.0002054768260977,0.000244483076914037,0.000238002724369205,0.000216101657141348,0.000538244686378298,0.000786182416524568,0.000204374117621528,0.000205848467229426,0.000217899201799332,0.000225305739023312,0.000217811184044311,0.000220186711391006,0.00270450374829655,0.000214230513810065,0.000245378341776818,0.000417167173614436,0.00023548758870269,0.000397601673006947,0.000209094366724636,0.000224242249290628,0.000262157772485151,0.000237951879795428,0.000359892687591908,0.000968525379517224,0.000247139474920494,0.000921254310235832,0.00022201059990161,0.00022564384234923,0.000206324277558704,0.000419090528890391,0.000195756955464204,0.000221835491016815,0.00049877258310324,0.000246628206314943,0.000215802928370247,0.83293255533743,0.115618146881966
"28","Roundup Powermax","302P3T2","302P3T2",0.00121983566402099,0.000394166535300155,0.000415720264269386,0.000409794645095436,0.00213024325338604,0.000644466760197522,0.00530662862932259,0.00754172129183923,0.000379211613544649,0.00194451938327041,0.000409533093024815,0.000466830592801689,0.000394842947934774,0.00198283600896866,0.00693582741404516,0.000395323647207637,0.000379289147407034,0.000421929689448162,0.000400521471568766,0.000425264425252171,0.000393025604811212,0.00037549811440915,0.00035917767823668,0.000408368342634193,0.00040868115484925,0.000438540204524347,0.00117695817100722,0.000403723817213444,0.00054581074524695,0.000367482973330236,0.00508307082723728,0.000420262122493327,0.00458781627285681,0.000371739641533067,0.000399181224876169,0.000405482792687647,0.000416385244642907,0.000403918180387887,0.000375964429250322,0.00127520395394895,0.00274574811305584,0.000396620527964953,0.0004740841462815,0.00696348867265053,0.00475668505390461,0.00042324570034978,0.000419179565098223,0.000416383439357314,0.000399822227833046,0.000466344183367598,0.000405788228955459,0.0004081836687163,0.000391827100305788,0.00355938648266053,0.00261068524386973,0.000365386308681095,0.000423028726501442,0.000442125903725434,0.00338281807156305,0.000379489835338942,0.000389213472373484,0.000402976643442102,0.00246671839908151,0.00559339955408042,0.000408557364165282,0.000371789256292888,0.00421724381006801,0.000360830268543628,0.00598963341226872,0.000346540173921371,0.00348892547999544,0.000419652952439644,0.000370578127756939,0.000934357915286562,0.00295074403900299,0.00375435153457634,0.00281423872542446,0.000397630371635726,0.00307517751378926,0.000375548261039113,0.000374489429696167,0.00116026075189336,0.000361847929126179,0.000388730192101273,0.00041757393952032,0.000426048966521435,0.00273821246925444,0.0004033052029022,0.000410721191413985,0.00601260177886372,0.00917270282507537,0.000402952188228861,0.000414297865188008,0.000416610977225867,0.00038301828163423,0.000935318966830674,0.000395445379322931,0.03273520041393,0.000380151573627084,0.00269242094909939,0.0017362529752516,0.000398043021619576,0.00232157175472023,0.00037053196086917,0.000367114263750856,0.00717556588321606,0.00175919531087308,0.000834713421287474,0.000694419023870488,0.000402480778218367,0.00178569252148629,0.000366157894649556,0.000403107739059675,0.000413312683382919,0.0273746781917714,0.000392698675032355,0.000445810425693787,0.000430049019865886,0.0038736425196544,0.000403331720055358,0.578963809139317,0.188292683355451
"29","Roundup Powermax","401P1T2","401P1T2",0.00127820960458783,0.00118588786997996,0.00116081785827891,0.00206434656753848,0.00522923458327744,0.00118468387410812,0.00137298456540507,0.00151885551218,0.00110531405036096,0.00131141807908421,0.00129141311416941,0.00279192669087785,0.00189100378164904,0.00219061171120896,0.00350623161995955,0.00117839065042129,0.00119879745144889,0.00119032120359745,0.00123532601591336,0.00130737062251661,0.00130837408104603,0.00119276950574572,0.00120761458966961,0.0012733552706233,0.00141984582884628,0.00131196856220355,0.00204754075965089,0.00114792925510665,0.00153262068191269,0.00110697348848624,0.00129023191523394,0.00141659901147753,0.0013729447394924,0.00125090310809124,0.00112798408926245,0.00120584858353561,0.00118570730779259,0.00114123949910807,0.000996284001018196,0.00148278405300581,0.00120175116226454,0.00117080289604478,0.00115891705725414,0.00140065265935284,0.00124854193547199,0.00116242192487933,0.00116609527484625,0.00121518993734539,0.00122889664265556,0.00142137766123248,0.00207703752183472,0.00118531459856702,0.00120119765603635,0.00132871691797265,0.00123967870422694,0.00120106604744577,0.00132082248890561,0.00131962948050554,0.00120684481379933,0.00113445526815346,0.00111797661105996,0.0011912887314123,0.00211798021049822,0.00370434149609199,0.00119092022021935,0.00120068018135367,0.00141478817744803,0.00112421079543258,0.00122010804931876,0.00120869608915331,0.00139962941334463,0.00106788509262603,0.00110968193495271,0.0013729471381235,0.00133658405074563,0.0012059827897727,0.00275948017745559,0.00115934067690521,0.00124626110763831,0.00108968605683683,0.00124951076071324,0.00123159320567901,0.0010401269212087,0.00119528429031479,0.00121315481061078,0.00120599878633916,0.00126323731555959,0.00118238466635525,0.0012493306674868,0.0108777890486727,0.00478382514498316,0.00120360827290393,0.00110761472537031,0.00119878966834563,0.00120794240853992,0.00113494281020369,0.00131480540022844,0.0105729964228291,0.00119819932976881,0.00143953754291623,0.00136692051460284,0.00132493807480514,0.00136807446807114,0.00115618109083984,0.00113820702718544,0.00300636118951677,0.00119650401954315,0.00131435758679096,0.00127845394932998,0.00125300563336643,0.00155983636820107,0.00113107116292933,0.00113949962018882,0.00138849660656826,0.00913127920216712,0.00112957515531072,0.00127354163747068,0.00222730798480667,0.00204648478629628,0.00105207075184865,0.769045519472163,0.0315610980919122
"30","Roundup Powermax","401P2T2","401P2T2",0.000521426012323916,0.000112003662101432,0.000125037189051565,0.000132732694761739,0.000205781165406221,0.000121091557862439,0.000128399399677288,0.000597683139049806,0.000126886249709865,0.000126299506807136,0.000118585084358699,0.000130741182883809,0.000128484606996175,0.000357899801130945,0.00487484449149262,0.000120465240381867,0.000118775773079078,0.000118191986023281,0.000114035998944077,0.000129614160505883,0.000117320883276843,0.000133602002642636,0.000119133822831947,0.000257122135803094,0.000594852009226195,0.000119022852429234,0.000356920815024886,0.00012153546690954,0.00416671622357793,0.000104578416667904,0.000143376468961818,0.000664007898929426,0.000119864937454992,0.000116967379363562,0.000108277588353971,0.000195170980401644,0.000274517880376465,0.000134182860239512,0.000113591244504457,0.000719202694253531,0.000128755884491986,0.000114167366053949,0.000562662546138934,0.000142055230540505,0.0001286495812588,0.000134329628367021,0.000103849611265635,0.000119297903647616,0.000122713968929068,0.000281402845219877,0.0001889463602224,0.000119123036306318,0.000119516270260814,0.000192472954363119,0.000115870176353565,0.000113067604804422,0.000133345664652089,0.000148437064076869,0.000118855731343716,0.000115445899900195,0.000112298815316282,0.000433151291849611,0.000139839969760689,0.002730736010564,0.000122790764934932,0.000105551892953227,0.000142143573649032,0.000119189397801785,0.000138658097717309,0.000119509688876205,0.0001145863425505,0.000109725575210347,0.000124676231528283,0.000113953032053321,0.000970004535673069,0.000124200857482555,0.000134762716967336,0.000121607842537268,0.000122803326234819,0.000118481736803423,0.000130048057968008,0.000119297953233075,0.000117506775761564,0.000116991741848582,0.000114955733084048,0.000116411003901844,0.000134200012776726,0.000198106828283632,0.000112713011195898,0.00185164668516286,0.000872892678651308,0.000112029794065543,0.000114124238322767,0.000122837853397839,0.000194098341736678,0.000119221741953324,0.000114633892975206,0.00313904467124573,0.00012007802431476,0.00028428770287797,0.00043018887119419,0.000117052167111249,0.000348496994594224,0.000103305093204408,0.000125745447359901,0.000149705251992825,0.000179307960698736,0.000121032095297207,0.000116053178355126,0.000505615533487214,0.000768131819765181,0.000119351488254186,0.00011175030422269,0.000122139646772277,0.000675101720179903,0.000107133916759074,0.000125858520053335,0.000419811270254763,0.000130316735533195,0.000106825611114303,0.918668044579336,0.041733324559264
"31","Roundup Powermax","401P3T2","401P3T2",0.00125686160492762,0.00106319157835693,0.00112527658793121,0.00124319141698988,0.00136745039166212,0.00112968834115051,0.00121681768371731,0.00139719393067726,0.00102520069743359,0.00129988135224742,0.001223261743032,0.00114867356371971,0.00118116657636249,0.00131361630379169,0.00253874642507012,0.00102259418128031,0.00118072129393468,0.00122211723677517,0.00110620574242264,0.00110513638196508,0.0012582153918762,0.00191918931918945,0.00108666069916183,0.00117661285366196,0.00114834163367806,0.00127789354408343,0.00128940398344796,0.00112754342562904,0.00153040159439877,0.00107441824877901,0.00117140867646585,0.00119745873662831,0.00125062630030935,0.00104763910032656,0.00110834661415067,0.0010184694618825,0.00111272450660921,0.00118773366732709,0.00108503197691043,0.00127490123259944,0.00109544955298796,0.00106441181598331,0.00127068801228464,0.002843916794358,0.00135626183694879,0.00114590400318258,0.00111729212578795,0.00113727426805149,0.00121789531987528,0.00125994714615233,0.00104344156073829,0.000998844366837787,0.00109482270879795,0.00121202521434437,0.00116025087065735,0.00115081701427387,0.00124793109268483,0.00120410756604627,0.00121979244163982,0.00116801866025346,0.00109604343260855,0.00126655616692264,0.0011329056879444,0.00186761694290129,0.00101296713697521,0.000990524749915005,0.00120688344046454,0.00107691911414566,0.00117736741152202,0.000980504729247125,0.00125946183777618,0.00101627452987759,0.00125942119274683,0.00113308596827283,0.00123773379890827,0.00115075082419934,0.00188470564674797,0.00111436217230024,0.00118616061538924,0.00106770451982785,0.00112857625043082,0.00124868955634377,0.00123128961921563,0.0010864490594765,0.00121791940485573,0.00115731899405886,0.00116345501898586,0.00112989933800806,0.00114735606398675,0.00209213862654848,0.00172744981759883,0.000998222924671425,0.00112639905710199,0.00178118428957782,0.00182895275848383,0.00100646168116252,0.00120555392862257,0.00378125411036387,0.00112957518637407,0.00123787173378926,0.00127144431873912,0.000956799498386636,0.0012222072080891,0.00114447431848967,0.00115333070239669,0.00133286464172582,0.00115083278187124,0.00113082548486706,0.00119227284816795,0.00119926847887663,0.001453645743052,0.00114609152311207,0.00104164570083372,0.0011307848641265,0.00434940236859422,0.00102677684659323,0.00118443607383153,0.00117704411652625,0.00128546256671993,0.00102782508468417,0.823968210832795,0.0223912802867225
