Barcode_ID_K,Barcode_ID_G,Site,Barcode_ID,Sample_ID,Time,Herbicide,SampleType,Total_Weed_Veg,Lab_ID,EmptyTubeWtK2SO4,Tube+K2SO4,WeightK2SO4,Tube+K2SO4+Soil,K2SO4RocksWeight,K2SO4FreshSoilWeight,MoistureTinEmpty,MoistureTin+SoilFresh,MoistureSoilFreshWeight,MoistureTin+ODsoil,MoistureRocksWeight,MoistureSoilODWeight ,GravimetricMoistureContent,MoistureWaterWeight,Fluoride (mg/L or ppm),Chloride (mg/L or ppm),Nitrite (mg/L or ppm),Nitrate (mg/L or ppm),Phosphate (mg/L or ppm),Lithium (mg/L or ppm),Sodium (mg/L or ppm),Ammonium (mg/L or ppm),Magnesium(mg/L or ppm),Calcium (mg/L or ppm),K2SO4SoilODWeight,K2SO4VolExtractant,K2SO4TotalVol,Fluoride (mg/g dry soil),Chloride (mg/g dry soil),Nitrite (mg/g dry soil),Nitrate (mg/g dry soil),Phosphate (mg/g dry soil),Lithium (mg/g dry soil),Sodium (mg/g dry soil),Ammonium (mg/g dry soil),Magnesium (mg/g dry soil),Calcium (mg/g dry soil),pH,EC,Notes on Site,Extraction type
G001SK,G001SG,SAREC,H001,101S1,T1,Clarity,Soil,4,1,0,0,0,10.26,0,10.26,0.95,6.17,5.22,5.98,0,5.03,0.03777336,0.19,0.3618,4.5669,0.3003,165.0234,6.7918,n.a.,23.686,4.2965,227.2955,110.0931,9.886551724,50,50.373,0.001808032,-0.005130792,-0.000283378,0.786841057,0.034605354,NA,0.085598953,0.010787556,1.158104536,0.411099622,7.64,1670,,Fresh Samples extracte in 50mL
G002SK,G002SG,SAREC,H002,101S2,T1,Clarity,Soil,6,2,0,0,0,10.16,0,10.16,0.93,6.18,5.25,5.68,0,4.75,0.105263158,0.5,0.3512,4.9744,0.1874,41.5848,6.5351,n.a.,24.3842,2.6818,209.2697,101.7776,9.192380952,50,50.968,0.001908574,-0.003324046,-0.000934115,0.171830742,0.036234409,NA,0.097020215,0.002786442,1.160306273,0.401253586,,,,
G003SK,G003SG,SAREC,H003,101S3,T1,Clarity,Soil,6,3,0,0,0,10.01,0,10.01,0.92,6.03,5.11,5.51,0,4.59,0.11328976,0.52,0.2676,3.8532,0.2795,48.6343,6.711,n.a.,24.4379,2.533,206.7049,148.6534,8.991369863,50,51.019,0.001478939,-0.009763573,-0.000433298,0.215847865,0.038079264,NA,0.09959311,0.00200702,1.172880098,0.676615927,,,,
G004SK,G004SG,SAREC,H004,102S1,T1,Hand,Soil,5,4,0,0,0,10.23,0,10.23,1,5.94,4.94,5.5,0,4.5,0.097777778,0.44,0.3932,4.2036,0.2362,107.2191,7.7003,n.a.,22.6035,2.917,234.4378,107.8211,9.318825911,50,50.911,0.002110263,-0.00748642,-0.000654148,0.527888605,0.042068662,NA,0.085869208,0.00403033,1.280794605,0.428388056,7.75,1328,,
G005SK,G005SG,SAREC,H005,102S2,T1,Hand,Soil,6,5,0,0,0,10.59,0,10.59,1,6.23,5.23,5.78,0,4.78,0.094142259,0.45,0.0223,3.9489,0.1539,18.2887,6.6959,n.a.,16.6678,3.1043,319.4379,162.3628,9.678814532,50,50.911,8.09E-05,-0.008547546,-0.00106228,0.040475073,0.035221081,NA,0.051453471,0.004865489,1.680263686,0.699347513,,,,
G006SK,G006SG,SAREC,H006,102S3,T1,Hand,Soil,3,6,0,0,0,10.15,0,10.15,1.01,6.18,5.17,5.73,0,4.72,0.095338983,0.45,0.2992,4.0738,0.4152,113.6051,8.9045,n.a.,23.5441,2.9371,289.7057,122.546,9.266537718,50,50.883,0.001604755,-0.00823711,0.000325904,0.565644643,0.048895409,NA,0.091471559,0.004161095,1.590802171,0.511426384,,,,
G007SK,G007SG,SAREC,H007,103S1,T1,Non-Treated,Soil,4,7,0,0,0,10.31,0,10.31,1.02,6.07,5.05,5.49,0,4.47,0.129753915,0.58,0.4304,4.3205,0.1394,22.539,6.5357,n.a.,26.1098,2.7879,335.1828,181.1538,9.125881188,50,51.184,0.002374962,-0.007030283,-0.001213984,0.066996051,0.036656577,NA,0.107820341,0.003413709,1.879931793,0.851089794,7.94,716,,
G008SK,G008SG,SAREC,H008,103S2,T1,Non-Treated,Soil,4,8,0,0,0,9.82,0,9.82,0.99,5.87,4.88,5.39,0,4.4,0.109090909,0.48,0.31,3.914,0.528,32.7918,13.3479,n.a.,22.9322,2.6561,322.1753,137.539,8.854098361,50,50.966,0.001744393,-0.009555122,0.000990575,0.127775528,0.076833251,NA,0.092365183,0.00274444,1.854503093,0.622419269,,,,
G009SK,G009SG,SAREC,H009,103S3,T1,Non-Treated,Soil,4,9,0,0,0,10.33,0,10.33,1.07,6.17,5.1,5.67,0,4.6,0.108695652,0.5,0.2778,3.867,0.1279,23.4461,6.8986,n.a.,19.2363,2.8605,340.0801,151.8956,9.317254902,50,51.013,0.001482965,-0.009345626,-0.001248508,0.070367141,0.03777017,NA,0.067619474,0.003729947,1.861966902,0.670626638,,,,
G010SK,G010SG,SAREC,H010,104S1,T1,Aatrex,Soil,5,10,0,0,0,10.04,0,10.04,1.01,6.31,5.3,5.92,0,4.91,0.079429735,0.39,0.3333,4.5451,0.4455,129.968,10.4048,n.a.,26.6432,3.3038,341.7339,119.4993,9.301207547,50,50.739,0.001780194,-0.005612448,0.000489086,0.651194565,0.056759094,NA,0.107777159,0.006134548,1.864184238,0.491451784,7.65,1329,,
G011SK,G011SG,SAREC,H011,104S2,T1,Aatrex,Soil,4,11,0,0,0,10.1,0,10.1,0.93,6.05,5.12,5.65,0,4.72,0.084745763,0.4,0.3617,4.2383,0.2838,44.4853,7.4206,n.a.,22.9969,3.0076,228.9038,123.1665,9.3109375,50,50.789,0.001935076,-0.007285789,-0.000393352,0.184870014,0.04047747,NA,0.087881705,0.004518153,1.248618383,0.511428128,,,,
G012SK,G012SG,SAREC,H012,104S3,T1,Aatrex,Soil,4,12,0,0,0,10.06,0,10.06,0.94,6.18,5.24,5.76,0,4.82,0.087136929,0.42,0.4443,4.7789,0.1766,32.9886,7.6722,n.a.,24.2506,2.7648,210.4818,107.3983,9.253664122,50,50.806,0.002401084,-0.004365177,-0.000984157,0.122955985,0.042123271,NA,0.095339082,0.003214826,1.155629889,0.428194715,,,,
G013SK,G013SG,SAREC,H013,105S1,T1,Roundup Powermax,Soil,4,13,0,0,0,10.15,0,10.15,1.01,6.43,5.42,5.99,0,4.98,0.088353414,0.44,0.2635,5.2869,0.1135,142.9198,8.1428,n.a.,22.7366,2.8815,212.978,102.6136,9.32601476,50,50.824,0.001397882,-0.00156413,-0.001320705,0.721136636,0.044375737,NA,0.08638154,0.003827042,1.160666431,0.398945481,7.65,1448,,
G014SK,G014SG,SAREC,H014,105S2,T1,Roundup Powermax,Soil,4,14,0,0,0,10.34,0,10.34,0.92,5.87,4.95,5.47,0,4.55,0.087912088,0.4,0.457,4.4724,0.537,108.0663,7.7805,n.a.,26.0125,3.0437,241.8061,106.4426,9.504444444,50,50.836,0.002407141,-0.005891503,0.000968442,0.521341648,0.041614628,NA,0.10230075,0.004623659,1.293326337,0.412024866,,,,
G015SK,G015SG,SAREC,H015,105S3,T1,Roundup Powermax,Soil,3,15,0,0,0,10.22,0,10.22,0.99,5.91,4.92,5.51,0,4.52,0.088495575,0.4,0.2156,3.7763,0.1921,16.6212,6.4153,n.a.,17.8448,2.6329,297.1337,177.5732,9.389105691,50,50.831,0.001129885,-0.009732044,-0.000886575,0.032630756,0.034731133,NA,0.059329117,0.002455724,1.608627082,0.802136042,,,,
G016SK,G016SG,SAREC,H016,201S1,T1,Roundup Powermax,Soil,5,16,0,0,0,10.24,0,10.24,1.01,6.09,5.08,5.71,0,4.7,0.080851064,0.38,0.4524,3.8958,0.6647,80.6193,9.0814,n.a.,21.1628,3.1394,297.9432,106.4689,9.474015748,50,50.766,0.002386795,-0.008992367,0.001654882,0.375227125,0.048662329,NA,0.076501717,0.005144542,1.596511965,0.412923152,7.81,1043,,
G017SK,G017SG,SAREC,H017,201S2,T1,Roundup Powermax,Soil,4,17,0,0,0,10.16,0,10.16,1.06,5.84,4.78,5.46,0,4.4,0.086363636,0.38,0.2883,4.6418,0.6447,36.1255,6.808,n.a.,20.5165,3.2315,277.5864,119.2874,9.352301255,50,50.808,0.001528578,-0.005063999,0.001569003,0.138703815,0.036985296,NA,0.074049907,0.005716473,1.508027122,0.488279224,,,,
G018SK,G018SG,SAREC,H018,201S3,T1,Roundup Powermax,Soil,5,18,0,0,0,10.75,0,10.75,0.99,6.13,5.14,5.98,0,4.99,0.03006012,0.15,0.3003,4.311,n.a.,29.2835,7.2606,n.a.,22.4259,3.5363,316.6265,108.1215,10.43628405,50,50.314,0.001414477,-0.006088726,NA,0.090103377,0.035003747,NA,0.074918582,0.006542168,1.526468111,0.379477636,,,,
G019SK,G019SG,SAREC,H019,202S1,T1,Aatrex,Soil,4,19,0,0,0,10.5,0,10.5,0.98,6.3,5.32,5.9,0,4.92,0.081300813,0.4,0.4277,4.2857,n.a.,17.0957,9.0012,n.a.,22.0998,3.056,371.8189,164.8733,9.710526316,50,50.789,0.002200805,-0.006737768,NA,0.034006893,0.047079231,NA,0.079573889,0.004585776,1.944743709,0.70852819,8.02,539,,
G020SK,G020SG,SAREC,H020,202S2,T1,Aatrex,Soil,3,20,0,0,0,10.51,0,10.51,1,6.03,5.03,5.65,0,4.65,0.08172043,0.38,0.2985,4.3272,1.0723,31.8182,7.8326,n.a.,24.3679,3.5381,356.6433,124.994,9.716003976,50,50.794,0.001524435,-0.006517972,0.003745278,0.110957821,0.040947896,NA,0.091393461,0.007103493,1.86448466,0.499707805,,,,
G021SK,G021SG,SAREC,H021,202S3,T1,Aatrex,Soil,4,21,0,0,0,10.46,0,10.46,0.99,6.09,5.1,5.76,0,4.77,0.06918239,0.33,0.4858,4.4891,1.0608,44.9063,7.8853,n.a.,24.1703,3.0932,244.8234,144.573,9.783176471,50,50.677,0.002480423,-0.005619434,0.003651585,0.177738112,0.04084599,NA,0.08953278,0.004733962,1.268184245,0.596551227,,,,
G022SK,G022SG,SAREC,H022,203S1,T1,Hand,Soil,5,22,0,0,0,10.98,0,10.98,0.96,5.93,4.97,5.45,0,4.49,0.106904232,0.48,0.3453,5.0113,0.1314,18.5243,6.8245,n.a.,21.4892,2.921,222.2693,115.007,9.919557344,50,51.06,0.001741664,-0.00289607,-0.001155768,0.040821505,0.035128905,NA,0.075169664,0.003817919,1.14412033,0.440613419,8.06,598,,
G023SK,G023SG,SAREC,H023,203S2,T1,Hand,Soil,3,23,0,0,0,10.1,0,10.1,0.99,6.03,5.04,5.58,0,4.59,0.098039216,0.45,0.339,4.3392,0.1641,18.2164,6.2429,n.a.,17.8351,2.841,199.4015,92.1663,9.198214286,50,50.902,0.001837298,-0.006833041,-0.001061483,0.042181708,0.03454732,NA,0.060591171,0.003661687,1.103463518,0.347293444,,,,
G024SK,G024SG,SAREC,H024,203S3,T1,Hand,Soil,5,24,0,0,0,10.89,0,10.89,1.03,6.13,5.1,5.69,0,4.66,0.094420601,0.44,0.2736,4.4494,0.2396,108.044,8.3655,n.a.,25.3424,2.8995,230.3476,133.6859,9.950470588,50,50.94,0.001365164,-0.005756595,-0.000595179,0.49887716,0.042825742,NA,0.094484326,0.003687128,1.179220374,0.533827402,,,,
G025SK,G025SG,SAREC,H025,204S1,T1,Clarity,Soil,5,25,0,0,0,10.13,0,10.13,1.02,6,4.98,5.48,0,4.46,0.116591928,0.52,0.3896,5.3784,0.4121,20.6103,8.0804,n.a.,21.4192,2.9285,215.0108,130.2303,9.072248996,50,51.058,0.002153787,-0.001100518,0.000316096,0.056371474,0.045475704,NA,0.081791771,0.004216325,1.210060226,0.567414857,7.98,612,,
G026SK,G026SG,SAREC,H026,204S2,T1,Clarity,Soil,4,26,0,0,0,10.12,0,10.12,0.93,6.01,5.08,5.61,0,4.68,0.085470085,0.4,0.3048,10.9983,0.8185,60.1398,8.05,n.a.,24.1949,3.4901,310.766,146.0646,9.323149606,50,50.797,0.001622612,0.029554718,0.002520687,0.269949171,0.043859943,NA,0.094307275,0.007141954,1.693197405,0.635596019,,,,
G027SK,G027SG,SAREC,H027,204S3,T1,Clarity,Soil,4,27,0,0,0,10.04,0,10.04,0.98,5.8,4.82,5.4,0,4.42,0.090497738,0.4,0.3107,3.9006,0.7836,27.8137,6.8085,n.a.,19.6411,3.2634,291.7497,135.8461,9.206804979,50,50.833,0.001676887,-0.009238685,0.002361325,0.095075317,0.037591277,NA,0.070424888,0.005985903,1.61082704,0.587669683,,,,
G028SK,G028SG,SAREC,H028,205S1,T1,Non-Treated,Soil,3,28,0,0,0,10.08,0,10.08,1.01,6.27,5.26,5.88,0,4.87,0.080082136,0.39,0.3867,22.0721,1.3712,47.9001,16.8212,n.a.,20.6144,4.1273,308.7955,102.202,9.332623574,50,50.747,0.002064923,0.089710909,0.005520999,0.202857262,0.091467244,NA,0.074650167,0.010592789,1.679116272,0.39582382,7.75,1250,,
G029SK,G029SG,SAREC,H029,205S2,T1,Non-Treated,Soil,5,29,0,0,0,10.67,0,10.67,0.92,6.53,5.61,6.18,0,5.26,0.066539924,0.35,0.3404,4.4267,0.4701,105.3498,8.7596,n.a.,22.0164,3.7982,325.7376,123.2386,10.00431373,50,50.666,0.001688498,-0.005810036,0.000578425,0.479880306,0.044361772,NA,0.076626359,0.008198711,1.649660168,0.475190927,,,,
G030SK,G030SG,SAREC,H030,205S3,T1,Non-Treated,Soil,5,30,0,0,0,10.3,0,10.3,0.98,6.01,5.03,5.63,0,4.65,0.08172043,0.38,0.3281,4.3756,0.3325,105.0978,7.2371,n.a.,25.2876,3.1856,338.4511,131.1948,9.521868787,50,50.778,0.001712651,-0.006390402,-0.000124715,0.503969734,0.038593695,NA,0.098132454,0.005366666,1.804888651,0.542804596,,,,
G031SK,G031SG,SAREC,H031,301S1,T1,Non-Treated,Soil,2,31,0,0,0,10.06,0,10.06,0.99,6.2,5.21,5.71,0,4.72,0.103813559,0.49,0.3634,3.8051,n.a.,36.0177,8.3069,n.a.,17.4784,2.7647,211.9463,143.0496,9.113857965,50,50.946,0.001992576,-0.009887706,NA,0.142118249,0.04643523,NA,0.059211273,0.003272704,1.184772276,0.63524897,7.93,803,,
G032SK,G032SG,SAREC,H032,301S2,T1,Non-Treated,Soil,2,32,0,0,0,10.75,0,10.75,1.02,6.28,5.26,5.76,0,4.74,0.109704641,0.52,0.3941,4.5353,0.1782,15.8401,8.0428,n.a.,20.0371,2.5378,221.9856,120.2162,9.687262357,50,51.063,0.002040958,-0.005474659,-0.000936557,0.027653355,0.042394392,NA,0.069321406,0.001889678,1.170113209,0.478657982,,,,
G033SK,G033SG,SAREC,H033,301S3,T1,Non-Treated,Soil,3,33,0,0,0,10.03,0,10.03,1.02,6.02,5,5.5,0,4.48,0.116071429,0.52,0.1049,4.0557,0.2239,85.7803,10.7457,n.a.,21.0966,2.4991,215.427,113.6558,8.98688,50,51.043,0.000556595,-0.008623301,-0.00074975,0.427039281,0.061032983,NA,0.080712636,0.001816401,1.223569067,0.478501905,,,,
G034SK,G034SG,SAREC,H034,302S1,T1,Roundup Powermax,Soil,2,34,0,0,0,10.42,0,10.42,1,6.57,5.57,5.98,0,4.98,0.118473896,0.59,0.3373,4.0639,0.1735,82.7442,8.4349,n.a.,23.1389,2.612,204.161,104.8324,9.316265709,50,51.104,0.001812296,-0.008283193,-0.001000663,0.395775602,0.046269246,NA,0.089154311,0.002373682,1.1199113,0.413731855,7.77,1299,,
G035SK,G035SG,SAREC,H035,302S2,T1,Roundup Powermax,Soil,2,35,0,0,0,10.71,0,10.71,0.99,6.02,5.03,5.53,0,4.54,0.107929515,0.49,0.1517,3.8473,0.2449,61.0017,7.1111,n.a.,20.5214,2.6193,196.9934,105.3738,9.66667992,50,51.043,0.000764315,-0.009117164,-0.000586018,0.266170046,0.037549055,NA,0.071999852,0.002323372,1.040191599,0.401121858,,,,
G036SK,G036SG,SAREC,H036,302S3,T1,Roundup Powermax,Soil,3,36,0,0,0,10.23,0,10.23,0.96,6.4,5.44,5.92,0,4.96,0.096774194,0.48,0.2993,4.0383,0.5335,36.6009,7.8298,n.a.,23.9356,3.0805,306.5083,121.3195,9.327352941,50,50.903,0.001595668,-0.008380512,0.000969314,0.141929401,0.042729887,NA,0.093045939,0.004918209,1.67272365,0.501590275,,,,
G037SK,G037SG,SAREC,H037,303S1,T1,Clarity,Soil,3,37,0,0,0,10.38,0,10.38,0.93,5.95,5.02,5.5,0,4.57,0.098468271,0.45,0.2974,3.8314,0.547,76.1978,9.4467,n.a.,22.9737,2.8644,291.9478,113.3766,9.449521912,50,50.93,0.001565456,-0.009391837,0.001030063,0.353587875,0.050915039,NA,0.086709088,0.00369289,1.573523236,0.452565995,7.85,1025,,
G038SK,G038SG,SAREC,H038,303S2,T1,Clarity,Soil,3,38,0,0,0,10.11,0,10.11,1,6.56,5.56,5.97,0,4.97,0.118712274,0.59,0.2617,4.1664,0.6113,58.6056,7.4016,n.a.,21.6265,2.8598,292.9339,102.9044,9.037176259,50,51.073,0.001439732,-0.007954657,0.001443372,0.27133389,0.041829604,NA,0.083305196,0.003846149,1.655490582,0.415355234,,,,
G039SK,G039SG,SAREC,H039,303S3,T1,Clarity,Soil,4,39,0,0,0,10.02,0,10.02,1.04,6.28,5.24,5.78,0,4.74,0.105485232,0.5,0.3227,4.3777,0.5947,158.5413,11.3071,n.a.,24.2783,2.9698,316.0431,114.3516,9.06389313,50,50.956,0.001775359,-0.006724792,0.001342364,0.831742295,0.06356728,NA,0.097777864,0.004443963,1.776756044,0.477539175,,,,
G040SK,G040SG,SAREC,H040,304S1,T1,Aatrex,Soil,4,40,0,0,0,10.09,0,10.09,1.02,6.43,5.41,5.9,0,4.88,0.108606557,0.53,0.3294,3.896,0.3525,25.3368,7.8306,n.a.,21.5739,2.8912,347.4814,180.65,9.101515712,50,50.988,0.001806359,-0.009400251,-1.89E-05,0.082592826,0.043868728,NA,0.082285072,0.003988535,1.94665922,0.847283896,8.02,672,,
G041SK,G041SG,SAREC,H041,304S2,T1,Aatrex,Soil,5,41,0,0,0,10.55,0,10.55,1,6.69,5.69,6.24,0,5.24,0.085877863,0.45,0.3428,3.9641,1.6429,81.4874,14.9789,n.a.,24.5636,2.7859,215.2988,115.5299,9.715641476,50,50.834,0.001757507,-0.008422723,0.006734059,0.370930126,0.078372973,NA,0.092493226,0.0031739,1.126490505,0.450605593,,,,
G042SK,G042SG,SAREC,H042,304S3,T1,Aatrex,Soil,3,42,0,0,0,10.14,0,10.14,0.99,6.59,5.6,6.11,0,5.12,0.09375,0.48,0.3337,4.2741,0.2228,21.7115,7.1017,n.a.,20.4398,2.5223,215.5831,122.49,9.270857143,50,50.869,0.001792763,-0.007132086,-0.000730014,0.061002026,0.038966761,NA,0.074369873,0.001882023,1.182903498,0.510737044,,,,
G043SK,G043SG,SAREC,H043,305S1,T1,Hand,Soil,4,43,0,0,0,10.31,0,10.31,0.99,6.18,5.19,5.78,0,4.79,0.083507307,0.4,0.463,5.2591,0.1415,88.65,12.6802,n.a.,27.0216,2.7719,216.7874,100.4152,9.51539499,50,50.795,0.002434655,-0.001680609,-0.001144517,0.416675313,0.067688943,NA,0.107487352,0.00316367,1.157243853,0.379043742,7.65,1379,,
G044SK,G044SG,SAREC,H044,305S2,T1,Hand,Soil,3,44,0,0,0,10.23,0,10.23,1.03,6.17,5.14,5.74,0,4.71,0.091295117,0.43,0.2176,4.1268,0.1129,71.8231,6.8441,n.a.,25.0592,2.6137,201.7156,135.3594,9.374182879,50,50.856,0.001142622,-0.00785103,-0.001318342,0.332174021,0.037130034,NA,0.098591478,0.002356544,1.094326224,0.574792714,,,,
G045SK,G045SG,SAREC,H045,305S3,T1,Hand,Soil,3,45,0,0,0,10.2,0,10.2,1.02,6.46,5.44,6.05,0,5.03,0.081510934,0.41,0.3704,6.2464,0.1243,168.8518,7.9452,n.a.,25.9441,3.2131,209.4593,101.7118,9.43125,50,50.769,0.001956524,0.0036198,-0.001246493,0.851907907,0.042769246,NA,0.102590682,0.005565245,1.12752667,0.389210806,,,,
G046SK,G046SG,SAREC,H046,401S1,T1,Roundup Powermax,Soil,3,46,0,0,0,10.46,0,10.46,1,6.07,5.07,5.54,0,4.54,0.116740088,0.53,0.3562,4.1166,0.489,78.3674,8.1099,n.a.,30.421,3.4113,290.3942,108.9264,9.366548323,50,51.093,0.001905258,-0.007949422,0.000726338,0.369696628,0.044238474,NA,0.128380883,0.006720417,1.584067102,0.43376034,7.84,1172,,
G047SK,G047SG,SAREC,H047,401S2,T1,Roundup Powermax,Soil,2,47,0,0,0,10.12,0,10.12,0.93,6.3,5.37,5.71,0,4.78,0.123430962,0.59,0.4875,5.7459,32.0123,322.8884,10.2247,n.a.,31.2662,18.7838,303.5522,111.1107,9.008119181,50,51.112,0.0027264,0.000976014,0.179618011,1.771952589,0.058014711,NA,0.138333374,0.094213526,1.72234887,0.463576094,,,,
G048SK,G048SG,SAREC,H048,401S3,T1,Roundup Powermax,Soil,4,48,0,0,0,10.83,0,10.83,1,6.41,5.41,5.92,0,4.92,0.099593496,0.49,0.3585,4.2883,0.4809,60.3679,9.9026,n.a.,29.2261,3.1427,334.4296,131.4189,9.84909427,50,50.981,0.001819632,-0.006654871,0.000647171,0.257640291,0.05125801,NA,0.115637247,0.004986803,1.731075215,0.528025868,,,,
G049SK,G049SG,SAREC,H049,402S1,T1,Hand,Soil,2,49,0,0,0,10.35,0,10.35,1,6.22,5.22,5.62,0,4.62,0.12987013,0.6,0.3169,4.4985,0.4813,20.1976,8.2138,n.a.,17.308,2.8321,329.9385,154.3795,9.160344828,50,51.19,0.001732041,-0.006009791,0.000700814,0.05366702,0.045900199,NA,0.058240386,0.003647975,1.843755822,0.69835967,8.09,600,,
G050SK,G050SG,SAREC,H050,402S2,T1,Hand,Soil,3,50,0,0,0,10,0,10,0.94,6.16,5.22,5.67,0,4.73,0.10359408,0.49,0.3823,4.2512,n.a.,59.5489,7.8067,n.a.,24.6886,2.99,358.941,173.5638,9.061302682,50,50.939,0.002109906,-0.007435519,NA,0.275203644,0.043885767,NA,0.100079103,0.004557693,2.017809808,0.81037756,,,,
G051SK,G051SG,SAREC,H051,402S3,T1,Hand,Soil,3,51,0,0,0,10.13,0,10.13,1.04,6.31,5.27,5.85,0,4.81,0.095634096,0.46,0.4068,3.9913,0.274,103.6583,7.761,n.a.,24.7827,2.7794,230.6114,155.2835,9.245787476,50,50.884,0.00220037,-0.008709822,-0.000450762,0.512180004,0.042712407,NA,0.098494732,0.003302825,1.269170437,0.692752833,,,,
G052SK,G052SG,SAREC,H052,403S1,T1,Non-Treated,Soil,3,52,0,0,0,10.25,0,10.25,1.02,6.14,5.12,5.66,0,4.64,0.103448276,0.48,0.4254,3.9417,0.2137,25.7827,7.4584,n.a.,24.6236,2.7639,203.742,105.5464,9.2890625,50,50.961,0.002295929,-0.008954395,-0.000779981,0.083327852,0.040917741,NA,0.0973108,0.003207411,1.117753687,0.417701391,7.9,924,,
G053SK,G053SG,SAREC,H053,403S2,T1,Non-Treated,Soil,2,53,0,0,0,10.61,0,10.61,0.99,6.22,5.23,5.68,0,4.69,0.115138593,0.54,0.3261,3.6399,0.219,21.8264,6.8465,n.a.,19.7184,2.4245,178.6078,79.6851,9.514512428,50,51.095,0.001713725,-0.010386276,-0.00073494,0.060321702,0.036767384,NA,0.068913821,0.001316752,0.959171817,0.269998004,,,,
G054SK,G054SG,SAREC,H054,403S3,T1,Non-Treated,Soil,3,54,0,0,0,10.31,0,10.31,0.98,5.96,4.98,5.46,0,4.48,0.111607143,0.5,0.4616,4.6616,0.2299,41.8028,8.0346,n.a.,22.4809,2.772,210.8971,111.4035,9.274859438,50,51.035,0.002501691,-0.00502005,-0.000693451,0.171727834,0.04421043,NA,0.085811586,0.003261491,1.160466223,0.451178685,,,,
G055SK,G055SG,SAREC,H055,404S1,T1,Clarity,Soil,2,55,0,0,0,10.2,0,10.2,1.03,6.03,5,5.51,0,4.48,0.116071429,0.52,0.2171,5.8667,0.1473,39.5504,6.4843,n.a.,24.5744,2.8134,205.4231,125.9186,9.1392,50,51.061,0.001174169,0.001635893,-0.001165309,0.161780264,0.036228053,NA,0.098825878,0.003542974,1.147700772,0.539202145,7.9,787,,
G056SK,G056SG,SAREC,H056,404S2,T1,Clarity,Soil,2,56,0,0,0,10.39,0,10.39,1,6.14,5.14,5.59,0,4.59,0.119825708,0.55,0.3206,3.8408,0.4192,18.911,6.9036,n.a.,22.2818,3.1573,309.8008,134.6849,9.278229572,50,51.112,0.001727856,-0.009547615,0.000348767,0.045817011,0.038030704,NA,0.084812688,0.005387577,1.706625904,0.579944319,,,,
G057SK,G057SG,SAREC,H057,404S3,T1,Clarity,Soil,2,57,0,0,0,10.16,0,10.16,1.02,6.1,5.08,5.62,0,4.6,0.104347826,0.48,0.2951,4.5949,0.5893,42.9312,6.6881,n.a.,24.4515,3.0044,291.5209,126.8494,9.2,50,50.96,0.001595891,-0.00542269,0.001292848,0.179120528,0.037046496,NA,0.097298035,0.004570416,1.614772166,0.539737488,,,,
G058SK,G058SG,SAREC,H058,405S1,T1,Aatrex,Soil,3,58,0,0,0,10.07,0,10.07,1,6.09,5.09,5.65,0,4.65,0.094623656,0.44,0.3358,4.1957,0.5526,44.1447,9.2108,n.a.,29.9848,3.363,324.3812,125.1112,9.199508841,50,50.87,0.001818493,-0.007621102,0.001087828,0.18552566,0.050933063,NA,0.127729714,0.006545352,1.79372965,0.52920627,7.92,823,,
G059SK,G059SG,SAREC,H059,405S2,T1,Aatrex,Soil,3,59,0,0,0,10.74,0,10.74,0.99,6.2,5.21,5.64,0,4.65,0.120430108,0.56,0.3941,4.1946,0.4624,27.6225,8.359,n.a.,30.6787,2.9513,330.6195,166.919,9.585604607,50,51.154,0.002065993,-0.007360751,0.00056833,0.090874413,0.044608585,NA,0.126972012,0.004119876,1.764379138,0.733836096,,,,
G060SK,G060SG,SAREC,H060,405S3,T1,Aatrex,Soil,3,60,0,0,0,10.58,0,10.58,0.93,5.81,4.88,5.26,0,4.33,0.127020785,0.55,0.3558,4.1271,0.3676,41.6379,9.5109,n.a.,26.8729,2.8544,322.5886,168.7108,9.387581967,50,51.192,0.001902479,-0.007889622,6.39E-05,0.169289595,0.051864707,NA,0.108992961,0.003681812,1.759141936,0.759643683,,,,
G061SK,G061SG,SAREC,H061,101 S1 _T2,T2,Clarity,Soil,4,61,0,0,0,10.37,0,10.37,0.95,6.3,5.35,5.53,0,4.58,0.168122271,0.77,0.4193,5.5591,0.3622,24.5277,6.6826,n.a.,24.5961,3.1156,213.223,167.6861,8.877495327,50,51.493,0.002392039,-8.61E-05,3.67E-05,0.080820538,0.03876165,NA,0.10272503,0.005431033,1.236766276,0.80205675,7.91,758,,
G062SK,G062SG,SAREC,H062,101 S2 _T2,T2,Clarity,Soil,4,62,0,0,0,10.08,0,10.08,0.93,5.95,5.02,5.1,0,4.17,0.20383693,0.85,0.2489,9.9461,0.2065,21.5758,9.7881,n.a.,18.8489,3.0151,193.8081,115.7222,8.373227092,50,51.707,0.001493971,0.02699921,-0.000922406,0.06781603,0.060444258,NA,0.073874447,0.005161268,1.196813229,0.533008056,,,,
G063SK,G063SG,SAREC,H063,101 S3_T2,T2,Clarity,Soil,4,63,0,0,0,10.19,0,10.19,0.92,5.93,5.01,5.29,0,4.37,0.146453089,0.64,0.2615,11.1317,0.1662,35.012,7.0614,n.a.,22.1508,2.6302,226.8058,124.6954,8.888283433,50,51.302,0.001469005,0.032078741,-0.001094782,0.140937259,0.040757422,NA,0.088106367,0.002602794,1.309085953,0.549979531,,,,
G064SK,G064SG,SAREC,H064,102 S1_T2,T2,Hand,Soil,3,64,0,0,0,10.45,0,10.45,0.99,6.5,5.51,5.58,0,4.59,0.20043573,0.92,0.4669,4.2622,0.1644,19.0658,7.1781,n.a.,23.9754,2.7194,187.6224,107.2618,8.705172414,50,51.745,0.002734073,-0.007796819,-0.001138313,0.050358508,0.042667743,NA,0.101582378,0.003210645,1.115254991,0.462771013,7.8,985,,
G065SK,G065SG,SAREC,H065,102 S2_T2,T2,Hand,Soil,NA,65,0,0,0,10.08,0,10.08,1.01,6.01,5,5.04,0,4.03,0.240694789,0.97,0.5306,5.0418,0.2505,27.3953,13.6889,n.a.,24.35,2.7401,191.8512,136.2312,8.12448,50,51.956,0.00334869,-0.003402691,-0.000674063,0.107444011,0.087539531,NA,0.111681826,0.003586261,1.226875965,0.68312341,,,,
G066SK,G066SG,SAREC,H066,102 S3_T2,T2,Hand,Soil,0,66,0,0,0,10.44,0,10.44,1.02,6.26,5.24,5.37,0,4.35,0.204597701,0.89,0.4146,5.2999,1.1957,58.0193,11.2009,n.a.,25.2045,5.5128,293.1714,144.7727,8.666793893,50,51.773,0.002435229,-0.00163708,0.005016514,0.283307187,0.066911136,NA,0.109430564,0.019913691,1.751330759,0.689155511,,,,
G067SK,G067SG,SAREC,H067,103 S1 _T2,T2,Non-Treated,Soil,7,67,0,0,0,10.47,0,10.47,1.02,6.27,5.25,5.55,0,4.53,0.158940397,0.72,0.354,5.4111,0.6826,60.2326,17.0818,n.a.,26.0622,2.9763,288.607,104.4053,9.034114286,50,51.436,0.001975679,-0.000927195,0.001860106,0.28261866,0.097255523,NA,0.109180278,0.004537674,1.64318875,0.426994879,7.63,1117,,
G068SK,G068SG,SAREC,H068,103 S2_T2,T2,Non-Treated,Soil,7,68,0,0,0,10.08,0,10.08,0.99,6.06,5.07,5.08,0,4.09,0.239608802,0.98,0.2797,4.1288,0.5121,14.686,17.1995,n.a.,18.7159,2.8608,283.4759,155.1804,8.131597633,50,51.948,0.001742164,-0.009231872,0.000998133,0.026142492,0.109878301,NA,0.07557523,0.004354108,1.810975074,0.803488601,,,,
G069SK,G069SG,SAREC,H069,103 S3_T2,T2,Non-Treated,Soil,6,69,0,0,0,10.17,0,10.17,1.07,6.36,5.29,5.37,0,4.3,0.230232558,0.99,0.2736,6.7253,0.2812,15.9382,7.1426,n.a.,21.9769,3.0405,333.3613,222.5187,8.266729679,50,51.903,0.001674349,0.007229008,-0.000468812,0.033554719,0.044845581,NA,0.094749767,0.005407211,2.09303318,1.212455908,,,,
G070SK,G070SG,SAREC,H070,104 S1_T2,T2,Aatrex,Soil,1,70,0,0,0,10.15,0,10.15,1.01,6.17,5.16,5.44,0,4.43,0.164785553,0.73,0.2911,4.7086,0.499,53.3315,8.996,n.a.,22.3603,2.9828,303.2605,143.0027,8.714050388,50,51.436,0.001677216,-0.005107859,0.000844615,0.252265101,0.053100469,NA,0.091339779,0.004742763,1.790039306,0.670505789,7.65,1133,,
G071SK,G071SG,SAREC,H071,104 S2_T2,T2,Aatrex,Soil,1,71,0,0,0,10.89,0,10.89,0.92,5.97,5.05,5.28,0,4.36,0.158256881,0.69,0.4352,4.9383,0.484,97.9074,9.4608,n.a.,24.8776,3.8369,224.6485,176.2035,9.402059406,50,51.488,0.00234525,-0.003480863,0.000701607,0.478149501,0.051809381,NA,0.098526507,0.009077378,1.230229041,0.803884139,,,,
G072SK,G072SG,SAREC,H072,104 S3_T2,T2,Aatrex,Soil,2,72,0,0,0,10.77,0,10.77,0.94,6.17,5.23,5.45,0,4.51,0.159645233,0.72,0.5856,4.3186,0.5342,43.6345,12.8262,n.a.,23.7052,3.3374,213.6379,162.5597,9.287323136,50,51.483,0.003207665,-0.006958723,0.000988178,0.183154837,0.071099732,NA,0.093234441,0.006420102,1.184264872,0.738100009,,,,
G073SK,G073SG,SAREC,H073,105 S1_T2,T2,Roundup Powermax,Soil,3,73,0,0,0,10.03,0,10.03,1.03,6.06,5.03,5.15,0,4.12,0.220873786,0.91,0.2725,4.8603,0.1128,13.6871,6.5102,n.a.,19.4187,3.0507,209.3815,149.071,8.215427435,50,51.815,0.00167482,-0.004500515,-0.001533222,0.019508759,0.041059595,NA,0.079044084,0.005496336,1.320565979,0.754708629,7.83,817,,
G074SK,G074SG,SAREC,H074,105 S2_T2,T2,Roundup Powermax,Soil,1,74,0,0,0,10.25,0,10.25,0.93,6.01,5.08,5.27,0,4.34,0.170506912,0.74,0.3598,7.0802,0.3617,24.1148,7.6474,n.a.,19.0217,3.0553,187.2715,113.3736,8.756889764,50,51.493,0.002075002,0.008857413,3.44E-05,0.079506926,0.044968849,NA,0.071361855,0.005151564,1.101211706,0.493739181,,,,
G075SK,G075SG,SAREC,H075,105 S3 _T2,T2,Roundup Powermax,Soil,2,75,0,0,0,10.7,0,10.7,1,6.14,5.14,5.44,0,4.44,0.157657658,0.7,0.2426,4.6157,0.8596,94.9009,9.3081,n.a.,24.4198,3.2963,205.1532,130.3673,9.242801556,50,51.457,0.001311837,-0.005334802,0.002804075,0.46936004,0.05182093,NA,0.097615757,0.006218911,1.142143663,0.562064426,,,,
G076SK,G076SG,SAREC,H076,201 S1_T2,T2,Roundup Powermax,Soil,1,76,0,0,0,10.36,0,10.36,1.02,6.43,5.41,5.55,0,4.53,0.194260486,0.88,0.4622,4.8146,2.1699,28.6023,10.8057,n.a.,21.5,3.8039,305.1834,172.8807,8.674824399,50,51.685,0.002712159,-0.004524104,0.010808136,0.10729521,0.064380921,NA,0.087071856,0.00967984,1.818302588,0.854816226,7.72,1048,,
G077SK,G077SG,SAREC,H077,201 S2_T2,T2,Roundup Powermax,Soil,1,77,0,0,0,10.26,0,10.26,1.07,6.08,5.01,5.31,0,4.24,0.181603774,0.77,0.3285,4.7786,0.5101,51.2659,7.6182,n.a.,26.154,2.8724,452.1289,218.9387,8.683113772,50,51.577,0.001909965,-0.004724215,0.000915739,0.241587956,0.045251348,NA,0.114450738,0.004116788,2.685603696,1.125791053,,,,
G078SK,G078SG,SAREC,H078,201 S3_T2,T2,Roundup Powermax,Soil,1,78,0,0,0,10.76,0,10.76,1.01,6.3,5.29,5.34,0,4.33,0.221709007,0.96,0.3008,6.4162,0.9402,18.3455,8.4671,n.a.,23.0414,4.0345,307.2733,145.0477,8.807334594,50,51.953,0.001733123,0.004968478,0.003446603,0.04572511,0.049945934,NA,0.095297558,0.010943809,1.812542628,0.682131283,,,,
G079SK,G079SG,SAREC,H079,202_S1_T2,T2,Aatrex,Soil,2,79,0,0,0,10.41,0,10.41,0.98,5.61,4.63,4.97,0,3.99,0.160401003,0.64,0.2615,4.5822,0.5579,43.9748,15.9889,n.a.,20.379,3.2972,291.959,118.0689,8.971036717,50,51.439,0.001459343,-0.005686699,0.001158415,0.191402597,0.091678885,NA,0.077368075,0.006409912,1.674061366,0.508368704,7.6,1011,,
G080SK,G080SG,SAREC,H080,202 S2_T2,T2,Aatrex,Soil,2,80,0,0,0,10.11,0,10.11,1.01,6.05,5.04,5.35,0,4.34,0.161290323,0.7,0.34,5.1654,0.4544,40.3275,10.475,n.a.,24.9365,3.1876,316.1218,141.36,8.705833333,50,51.404,0.001966526,-0.00241205,0.00058187,0.175564247,0.061850203,NA,0.106580473,0.005953593,1.866562274,0.661024312,,,,
G081SK,G081SG,SAREC,H081,202 S3_T2,T2,Aatrex,Soil,2,81,0,0,0,10.49,0,10.49,0.99,6.03,5.04,5.34,0,4.35,0.15862069,0.69,0.4672,5.3661,1.2685,94.6504,10.3901,n.a.,30.1247,3.6485,223.2846,130.0352,9.053869048,50,51.436,0.00261503,-0.001180473,0.005184527,0.477535047,0.059027607,NA,0.132022005,0.008347107,1.268506703,0.57167214,,,,
G082SK,G082SG,SAREC,H082,203 S1_T2,T2,Hand,Soil,2,82,0,0,0,10.73,0,10.73,0.95,6.05,5.1,5.13,0,4.18,0.220095694,0.92,0.2826,4.7517,0.4745,21.1702,9.0495,n.a.,21.2181,3.8099,205.0846,116.6757,8.794392157,50,51.936,0.001627656,-0.004855963,0.000700449,0.062458563,0.053442243,NA,0.084639302,0.009629568,1.211134579,0.515359143,7.65,1362,,
G083SK,G083SG,SAREC,H083,203 S2_T2,T2,Hand,Soil,3,83,0,0,0,10.37,0,10.37,0.98,6.18,5.2,5.2,0,4.22,0.232227488,0.98,0.3376,4.7722,0.2581,18.3119,6.8355,n.a.,26.1693,3.1421,216.665,130.769,8.415653846,50,51.954,0.002041589,-0.004949499,-0.000603661,0.047647149,0.042199511,NA,0.119046345,0.00594373,1.337589187,0.625752013,,,,
G084SK,G084SG,SAREC,H084,203 S3_T2,T2,Hand,Soil,2,84,0,0,0,10.1,0,10.1,1.03,6.22,5.19,5.33,0,4.3,0.206976744,0.89,0.2682,4.8213,0.7193,27.5411,7.2491,n.a.,24.7661,2.9534,205.3624,131.8717,8.368015414,50,51.732,0.001615136,-0.004652625,0.002246418,0.104769206,0.044814881,NA,0.110537034,0.004785897,1.269572655,0.633438102,,,,
G085SK,G085SG,SAREC,H085,204 S1_T2,T2,Clarity,Soil,4,85,0,0,0,10.2,0,10.2,1.02,6.04,5.02,5.29,0,4.27,0.175644028,0.75,0.4366,4.4234,0.2231,29.5217,6.9427,n.a.,24.3082,3.0728,200.1149,120.1032,8.676095618,50,51.524,0.002551841,-0.006832426,-0.000788818,0.112404582,0.041229973,NA,0.103464098,0.005306155,1.18840363,0.538599564,7.68,1049,,
G086SK,G086SG,SAREC,H086,204 S2_T2,T2,Clarity,Soil,4,86,0,0,0,10.05,0,10.05,0.92,5.96,5.04,5.24,0,4.32,0.166666667,0.72,0.1091,8.6119,n.a.,47.4972,6.6331,n.a.,23.631,2.6503,307.2638,178.4887,8.614285714,50,51.436,0.000610057,0.018139744,NA,0.220348544,0.039605875,NA,0.099984567,0.002812246,1.834665598,0.890154239,,,,
G087SK,G087SG,SAREC,H087,204 S3_T2,T2,Clarity,Soil,4,87,0,0,0,10.9,0,10.9,0.98,6.04,5.06,5.42,0,4.44,0.13963964,0.62,0.2495,4.3894,0.4752,69.9343,6.3673,n.a.,21.8577,2.7228,285.0341,111.6122,9.564426877,50,51.336,0.001302064,-0.006358022,0.000640197,0.318500543,0.034175727,NA,0.080358854,0.002917004,1.529876077,0.441215093,,,,
G088SK,G088SG,SAREC,H088,205 S1_T2,T2,Non-Treated,Soil,10,88,0,0,0,10.61,0,10.61,1,6.05,5.05,5.34,0,4.34,0.16359447,0.71,0.3119,4.0911,0.4704,24.1935,8.3452,n.a.,23.3427,3.5056,294.9042,126.9131,9.11829703,50,51.492,0.001722149,-0.008373869,0.000646844,0.076797692,0.047126176,NA,0.092932685,0.007489608,1.665345723,0.55061534,7.82,892,,
G089SK,G089SG,SAREC,H089,205 S2_T2,T2,Non-Treated,Soil,8,89,0,0,0,10.14,0,10.14,0.92,6.12,5.2,5.32,0,4.4,0.181818182,0.8,0.347,4.332,0.5382,68.779,11.5757,n.a.,21.769,2.8432,309.921,166.0398,8.58,50,51.56,0.00204366,-0.007462994,0.001095486,0.349653008,0.069562042,NA,0.089437311,0.003989634,1.862415768,0.82106138,,,,
G090SK,G090SG,SAREC,H090,205 S3_T2,T2,Non-Treated,Soil,7,90,0,0,0,10.4,0,10.4,0.98,5.93,4.95,5.29,0,4.31,0.148491879,0.64,0.2928,4.4356,0.2005,32.2988,7.1815,n.a.,21.978,3.1205,311.8102,157.6002,9.055353535,50,51.345,0.001620788,-0.006454338,-0.000880889,0.123068885,0.040719579,NA,0.085573441,0.005336596,1.767991176,0.726857637,,,,
G091SK,G091SG,SAREC,H091,301 S1_T2,T2,Non-Treated,Soil,6,91,0,0,0,10.32,0,10.32,1,5.91,4.91,5.05,0,4.05,0.212345679,0.86,n.a.,2.2685,0.5621,2.1772,3.9998,n.a.,25.6835,3.8482,193.878,151.8577,8.512423625,50,51.808,NA,-0.020116998,0.001255217,-0.051224785,0.024343133,NA,0.114403985,0.010157438,1.179963364,0.74523927,7.88,1103,,
G092SK,G092SG,SAREC,H092,301 S2 _T2,T2,Non-Treated,Soil,5,92,0,0,0,10.6,0,10.6,1.04,5.87,4.83,5.04,0,4,0.2075,0.83,0.3694,9.0421,0.1961,45.4157,6.3311,n.a.,26.4777,2.6126,206.2935,131.4863,8.778467909,50,51.822,0.002139455,0.020473809,-0.000943081,0.205562005,0.03737419,NA,0.115655028,0.002558258,1.217803123,0.602590695,,,,
G093SK,G093SG,SAREC,H093,301 S3_T2,T2,Non-Treated,Soil,6,93,0,0,0,10.43,0,10.43,1.04,6.12,5.08,5.53,0,4.49,0.131403118,0.59,0.3822,6.7863,0.1587,27.3495,7.7689,n.a.,26.1388,2.8682,208.4092,109.1363,9.218641732,50,51.211,0.002084524,0.006734724,-0.001095703,0.093080817,0.043158036,NA,0.106953285,0.003827238,1.157754085,0.442902662,,,,
G094SK,G094SG,SAREC,H094,302 S1_T2,T2,Roundup Powermax,Soil,2,94,0,0,0,10.22,0,10.22,1.03,6.25,5.22,5.36,0,4.33,0.205542725,0.89,0.2944,5.8281,1.13,42.6154,12.9528,n.a.,26.3287,4.1937,209.757,123.9064,8.477509579,50,51.742,0.001754695,0.00155156,0.004724717,0.195443166,0.079057434,NA,0.118668763,0.012294745,1.280251809,0.576767435,7.77,1469,,
G095SK,G095SG,SAREC,H095,302 S2_T2,T2,Roundup Powermax,Soil,0,95,0,0,0,10.69,0,10.69,1.01,6.13,5.12,5.48,0,4.47,0.14541387,0.65,0.4118,4.9923,0.1721,89.5149,7.7767,n.a.,30.1639,2.7114,205.2681,101.3594,9.332871094,50,51.357,0.002227887,-0.003200516,-0.001011485,0.434288205,0.042794039,NA,0.128094332,0.002928082,1.129553723,0.395932604,,,,
G096SK,G096SG,SAREC,H096,302 S3_T2,T2,Roundup Powermax,Soil,0,96,0,0,0,10.12,0,10.12,0.96,6.04,5.08,5.31,0,4.35,0.167816092,0.73,0.2526,5.5876,0.6097,106.8235,8.7989,n.a.,25.5513,2.6572,269.2894,102.1295,8.665748031,50,51.454,0.001458905,8.10E-05,0.001507314,0.5713787,0.052244873,NA,0.1108287,0.002837736,1.598948727,0.431791643,,,,
G097SK,G097SG,SAREC,H097,303 S1_T2,T2,Clarity,Soil,2,97,0,0,0,10.23,0,10.23,0.92,5.87,4.95,4.96,0,4.04,0.225247525,0.91,n.a.,4.6728,0.1234,16.3852,6.208,n.a.,22.9116,2.4474,295.0135,161.7706,8.349333333,50,51.881,NA,-0.005599666,-0.001444352,0.035985538,0.038575156,NA,0.099579559,0.00166633,1.833140004,0.822464467,8.08,689,,
G098SK,G098SG,SAREC,H098,303 S2_T2,T2,Clarity,Soil,3,98,0,0,0,10.26,0,10.26,1,5.9,4.9,5.22,0,4.22,0.161137441,0.68,0.2926,4.608,0.3977,19.2671,8.629,n.a.,23.7036,2.8158,311.9466,166.3097,8.836163265,50,51.424,0.001662643,-0.005621632,0.000243209,0.050475171,0.05021817,NA,0.097873808,0.003704484,1.815436389,0.796723365,,,,
G099SK,G099SG,SAREC,H099,303 S3_T2,T2,Clarity,Soil,2,99,0,0,0,10.1,0,10.1,1.06,6.01,4.95,5.36,0,4.3,0.151162791,0.65,0.2667,4.7113,0.5214,38.7143,7.8131,n.a.,22.978,2.8604,311.6428,137.0564,8.773737374,50,51.326,0.001519401,-0.005046636,0.00096799,0.164504143,0.045706521,NA,0.094138149,0.003984613,1.823106852,0.629738446,,,,
G100SK,G100SG,SAREC,H100,304 S1_T2,T2,Aatrex,Soil,1,100,0,0,0,10.12,0,10.12,1.01,6.06,5.05,5.46,0,4.45,0.134831461,0.6,0.3102,5.504,0.3392,49.0904,7.321,n.a.,25.9303,3.2397,335.2216,131.9608,8.917623762,50,51.202,0.001741414,-0.000401637,-9.59E-05,0.221035859,0.042035177,NA,0.109347012,0.006088432,1.924744199,0.588824452,7.87,922,,
G101SK,G101SG,SAREC,H101,304 S2_T2,T2,Aatrex,Soil,2,101,0,0,0,10.13,0,10.13,0.99,6.19,5.2,5.53,0,4.54,0.145374449,0.66,0.2092,6.0785,0.4626,45.324,7.9287,n.a.,2.3089,0.2614,28.355,25.3573,8.844269231,50,51.286,0.001172585,0.002925999,0.000618564,0.20139109,0.04597672,NA,-0.026541108,-0.011121117,0.164423694,-0.023492767,,,,
G102SK,G102SG,SAREC,H102,304 S3_T2,T2,Aatrex,Soil,1,102,0,0,0,10.08,0,10.08,0.99,6.11,5.12,5.17,0,4.18,0.224880383,0.94,0.0646,5.5878,0.5472,31.6193,9.632,n.a.,2.467,0.2688,31.4348,19.6953,8.229375,50,51.851,0.00036323,8.77E-05,0.001205419,0.132474195,0.060687812,NA,-0.02784239,-0.012037327,0.19806051,-0.061200704,,,,
G103SK,G103SG,SAREC,H103,305 S1_T2,T2,Hand,Soil,1,103,0,0,0,10.03,0,10.03,1,6.27,5.27,5.46,0,4.46,0.18161435,0.81,0.2261,5.1931,0.566,31.6554,8.2247,n.a.,2.5233,0.3125,30.1932,15.641,8.488387097,50,51.542,0.001330946,-0.00231218,0.001275814,0.127885762,0.049940311,NA,-0.026489872,-0.011334932,0.183333532,-0.083596905,7.85,956,,
G104SK,G104SG,SAREC,H104,305 S2_T2,T2,Hand,Soil,1,104,0,0,0,10.33,0,10.33,1.02,5.89,4.87,5.18,0,4.16,0.170673077,0.71,0.1965,7.0476,0.4645,33.0047,8.2505,n.a.,2.5399,0.3152,28.9559,20.9594,8.823983573,50,51.506,0.001106313,0.008601981,0.00063402,0.13081284,0.048158651,NA,-0.025368182,-0.010880881,0.169017105,-0.049318305,,,,
G105SK,G105SG,SAREC,H105,305 S3_T2,T2,Hand,Soil,1,105,0,0,0,10.01,0,10.01,1.02,6.11,5.09,5.2,0,4.18,0.217703349,0.91,0.1598,5.4315,0.5708,24.332,7.569,n.a.,2.667,0.2655,29.6928,29.4231,8.220392927,50,51.79,0.000962822,-0.000897002,0.001353706,0.086551715,0.04768553,NA,-0.026580046,-0.012056787,0.187068529,9.14E-05,,,,
G106SK,G106SG,SAREC,H106,401 S1_T2,T2,Roundup Powermax,Soil,0,106,0,0,0,10.21,0,10.21,0.99,6.03,5.04,5.39,0,4.4,0.145454545,0.64,0.1862,6.0661,0.6583,102.7044,10.4119,n.a.,3.4429,0.2731,30.0025,24.6095,8.913492063,50,51.297,0.001031388,0.002832352,0.001740221,0.530089161,0.059919988,NA,-0.019814129,-0.010969883,0.172662048,-0.02761827,7.63,1502,,
G107SK,G107SG,SAREC,H107,401 S2_T2,T2,Roundup Powermax,Soil,0,107,0,0,0,10.29,0,10.29,0.91,5.99,5.08,5.3,0,4.39,0.157175399,0.69,0.018,4.5627,0.5986,58.0046,15.9404,n.a.,2.5975,0.2622,28.0644,15.368,8.89234252,50,51.398,6.38E-05,-0.005844587,0.001402885,0.274033362,0.092135498,NA,-0.024787189,-0.011080503,0.162211721,-0.081154336,,,,
G108SK,G108SG,SAREC,H108,401 S3_T2,T2,Roundup Powermax,Soil,0,108,0,0,0,10.68,0,10.68,0.98,6.15,5.17,5.44,0,4.46,0.159192825,0.71,0.2657,5.2929,0.5795,74.9298,7.4812,n.a.,2.9241,0.2773,29.445,25.03,9.213307544,50,51.467,0.001445559,-0.001569749,0.001248967,0.359388175,0.041790807,NA,-0.022131543,-0.010624483,0.164483336,-0.024459612,,,,
G109SK,G109SG,SAREC,H109,402 S1_T2,T2,Hand,Soil,2,109,0,0,0,10.25,0,10.25,1,6.02,5.02,5.1,0,4.1,0.224390244,0.92,0.2006,5.8313,0.5655,31.6336,7.2068,n.a.,2.5745,0.2712,29.6674,25.106,8.371513944,50,51.878,0.001199912,0.001595204,0.001298855,0.130383694,0.044660729,NA,-0.026718031,-0.011824494,0.183849732,-0.02666329,7.87,1065,,
G110SK,G110SG,SAREC,H110,402 S2_T2,T2,Hand,Soil,2,110,0,0,0,10.63,0,10.63,0.95,6.39,5.44,5.53,0,4.58,0.187772926,0.86,0.3071,4.7226,0.5423,25.6886,7.8149,n.a.,2.6657,0.261,30.4161,16.9204,8.949522059,50,51.68,0.001733118,-0.00491631,0.001076548,0.08716704,0.045128159,NA,-0.024370529,-0.011077149,0.175642923,-0.072115105,,,,
G111SK,G111SG,SAREC,H111,402 S3_T2,T2,Hand,Soil,1,111,0,0,0,10.38,0,10.38,1.05,6,4.95,5.08,0,4.03,0.228287841,0.92,0.2749,9.105,0.6164,27.5559,8.2761,n.a.,2.6835,0.2697,29.3439,15.9169,8.450787879,50,51.929,0.001646574,0.021697967,0.001600679,0.104229983,0.050855471,NA,-0.025823254,-0.01173388,0.180315365,-0.082904907,,,,
G112SK,G112SG,SAREC,H112,403 S1_T2,T2,Non-Treated,Soil,7,112,0,0,0,10.39,0,10.39,1.03,6.04,5.01,5.22,0,4.19,0.195704057,0.82,0.1527,12.1518,0.5212,16.8774,7.0213,n.a.,2.5606,0.2927,29.8607,9.9794,8.689441118,50,51.701,0.000867207,0.039137237,0.000983466,0.037385677,0.04177514,NA,-0.025735226,-0.011224626,0.177665566,-0.115600468,7.79,805,,
G113SK,G113SG,SAREC,H113,403 S2_T2,T2,Non-Treated,Soil,8,113,0,0,0,10.17,0,10.17,0.98,6.29,5.31,5.43,0,4.45,0.193258427,0.86,0.2178,8.5727,0.5653,25.0363,6.9339,n.a.,2.7509,0.2736,26.8311,8.4233,8.522881356,50,51.647,0.001277692,0.018171963,0.001269039,0.087518446,0.042017905,NA,-0.025057378,-0.011548021,0.162591665,-0.127166876,,,,
G114SK,G114SG,SAREC,H114,403 S3_T2,T2,Non-Treated,Soil,0,114,0,0,0,10.02,0,10.02,0.97,6.05,5.08,5.34,0,4.37,0.162471396,0.71,0.4131,6.509,1.0688,64.6425,7.2251,n.a.,3.1771,0.3338,24.7888,7.4859,8.619566929,50,51.4,0.002422035,0.005576069,0.004250996,0.322304022,0.043084753,NA,-0.022116727,-0.011004797,0.14782101,-0.13073029,,,,
G115SK,G115SG,SAREC,H115,404 S1_T2,T2,Clarity,Soil,2,115,0,0,0,10.12,0,10.12,1.04,6.02,4.98,5.3,0,4.26,0.169014085,0.72,0.2895,5.3302,0.5759,44.8503,6.8178,n.a.,3.6618,0.291,30.2222,9.4011,8.65686747,50,51.463,0.001679431,-0.001449069,0.001307952,0.203646585,0.040530166,NA,-0.019166463,-0.011225473,0.179664013,-0.118939988,7.75,1031,,
G116SK,G116SG,SAREC,H116,404 S2_T2,T2,Clarity,Soil,3,116,0,0,0,10.95,0,10.95,1,6.12,5.12,5.44,0,4.44,0.153153153,0.68,0.3551,5.4431,0.607,28.1671,8.1542,n.a.,3.8448,0.296,34.2524,10.3932,9.495703125,50,51.454,0.001886385,-0.000709065,0.001360737,0.095224044,0.044184999,NA,-0.016478844,-0.010204792,0.185603449,-0.103038667,,,,
G117SK,G117SG,SAREC,H117,404 S3_T2,T2,Clarity,Soil,3,117,0,0,0,10.62,0,10.62,1.02,6.04,5.02,5.38,0,4.36,0.151376147,0.66,0.2372,9.5111,0.6469,75.9971,8.5457,n.a.,3.9338,0.309,34.2603,9.7598,9.22374502,50,51.396,0.001282845,0.021938422,0.001621424,0.364437789,0.047618063,NA,-0.016450044,-0.010421502,0.19090432,-0.109486202,,,,
G118SK,G118SG,SAREC,H118,405 S1_T2,T2,Aatrex,Soil,0,118,0,0,0,10.81,0,10.81,0.99,6.13,5.14,5.48,0,4.49,0.144766147,0.65,0.3622,7.0838,0.5441,73.8489,7.995,n.a.,4.5696,0.3135,37.4372,10.3057,9.442976654,50,51.367,0.001932496,0.008213306,0.001023598,0.344088423,0.043490195,NA,-0.012600329,-0.010149402,0.203647451,-0.103914196,7.42,1059,,
G119SK,G119SG,SAREC,H119,405 S2_T2,T2,Aatrex,Soil,0,119,0,0,0,10.09,0,10.09,0.98,6.32,5.34,5.59,0,4.61,0.15835141,0.73,0.3544,5.3119,0.5233,35.4276,7.9731,n.a.,4.0007,0.2954,36.6012,10.3966,8.710655431,50,51.379,0.002049195,-0.001545263,0.000987213,0.14648045,0.047028877,NA,-0.017018556,-0.011111703,0.215890477,-0.112141139,,,,
G120SK,G120SG,SAREC,H120,405 S3_T2,T2,Aatrex,Soil,1,120,0,0,0,10.11,0,10.11,0.94,5.9,4.96,5.27,0,4.33,0.145496536,0.63,0.3654,5.4478,0.4686,31.5752,7.1774,n.a.,3.6686,0.2793,34.9484,11.7355,8.825866935,50,51.284,0.002083101,-0.00073309,0.000654922,0.121915178,0.041705411,NA,-0.018694671,-0.011040319,0.203073211,-0.102692755,,,,
G121SK,G121SG,SAREC,H121,101 S1 _T3,T3,Clarity,Soil,3,121,0,0,0,10.55,0,10.55,0.95,5.98,5.03,5.16,0,4.21,0.194774347,0.82,0.2854,5.4508,0.5329,30.8141,18.8997,n.a.,2.7385,0.2985,34.6947,11.1452,8.830119284,50,51.72,0.001630834,-0.000720922,0.001036536,0.11843375,0.110699367,NA,-0.024292632,-0.011016076,0.203214224,-0.106972695,7.79,1089,,
G122SK,G122SG,SAREC,H122,101 S2_T3,T3,Clarity,Soil,2,122,0,0,0,10.25,0,10.25,0.93,6,5.07,5.16,0,4.23,0.19858156,0.84,0.1296,5.1207,0.6175,14.2531,8.3507,n.a.,2.3582,0.2628,32.5997,10.1549,8.551775148,50,51.698,0.000741489,-0.002740022,0.001581511,0.022121091,0.050482853,NA,-0.027371556,-0.011585422,0.197075438,-0.116395138,,,,
G123SK,G123SG,SAREC,H123,101 S3_T3,T3,Clarity,Soil,3,123,0,0,0,10.1,0,10.1,0.93,6.29,5.36,5.37,0,4.44,0.207207207,0.92,0.2022,4.9258,0.3836,17.8118,10.915,n.a.,2.4204,0.2855,29.6221,9.4731,8.36641791,50,51.734,0.001207548,-0.00400782,0.000171182,0.044631979,0.067492616,NA,-0.027612557,-0.01170986,0.183167978,-0.123270836,,,,
G124SK,G124SG,SAREC,H124,102 S1_T3,T3,Hand,Soil,5,124,0,0,0,10.58,0,10.58,0.99,5.86,4.87,4.96,0,3.97,0.226700252,0.9,0.3734,6.1219,0.5469,17.2816,10.355,n.a.,3.3159,0.3347,37.9441,10.6279,8.62476386,50,51.955,0.002207561,0.003300892,0.001150632,0.0402864,0.062378135,NA,-0.021506008,-0.011111801,0.228573524,-0.113134541,8.07,746,,
G125SK,G125SG,SAREC,H125,102 S2_T3,T3,Hand,Soil,2,125,0,0,0,10.27,0,10.27,1.01,5.66,4.65,4.83,0,3.82,0.217277487,0.83,0.388,5.3731,0.6029,16.3581,9.8842,n.a.,2.9196,0.364,34.1683,10.0165,8.436860215,50,51.833,0.002341276,-0.001233682,0.001517361,0.035413447,0.060724802,NA,-0.02436796,-0.011152152,0.209917901,-0.119138096,,,,
G126SK,G126SG,SAREC,H126,102 S3_T3,T3,Hand,Soil,3,126,0,0,0,10.06,0,10.06,1.01,5.92,4.91,5,0,3.99,0.230576441,0.92,0.277,5.2978,0.5917,17.4306,10.9978,n.a.,2.7132,0.3098,32.6916,9.5269,8.17503055,50,51.885,0.001714281,-0.001752549,0.00149669,0.043390789,0.069800331,NA,-0.02648352,-0.011865435,0.207486056,-0.126184713,,,,
G127SK,G127SG,SAREC,H127,103 S1 _T3,T3,Non-Treated,Soil,6,127,0,0,0,10.56,0,10.56,1.01,5.93,4.92,5.04,0,4.03,0.220843672,0.89,0.2769,5.2189,0.5704,17.3711,8.8417,n.a.,2.7354,0.3222,35.454,10.223,8.649756098,50,51.91,0.001620212,-0.002130589,0.001287555,0.040672461,0.05306221,NA,-0.024909089,-0.011144981,0.212772214,-0.115139651,7.96,806,,
G128SK,G128SG,SAREC,H128,103 S2_T3,T3,Non-Treated,Soil,6,128,0,0,0,10.13,0,10.13,0.99,5.81,4.82,4.8,0,3.81,0.265091864,1.01,0.3868,5.097,0.644,8.9106,13.8712,n.a.,2.785,0.3332,34.7998,10.027,8.007323651,50,52.123,0.002472861,-0.003104686,0.001875678,-0.010957262,0.090292691,NA,-0.026694724,-0.012017039,0.226525071,-0.126162314,,,,
G129SK,G129SG,SAREC,H129,103 S3_T3,T3,Non-Treated,Soil,6,129,0,0,0,10.38,0,10.38,1.07,6.7,5.63,5.59,0,4.52,0.245575221,1.11,0.3297,5.0211,0.5297,10.5286,8.2295,n.a.,2.7486,0.3188,33.967,9.8768,8.333499112,50,52.047,0.002015987,-0.003452821,0.001085241,-0.000407809,0.051397089,NA,-0.025839464,-0.011619591,0.212139468,-0.121985104,,,,
G130SK,G130SG,SAREC,H130,104 S1_T3,T3,Aatrex,Soil,2,130,0,0,0,10.52,0,10.52,1.02,5.99,4.97,5.18,0,4.16,0.194711538,0.81,0.258,4.9414,0.6115,14.365,14.5117,n.a.,2.5175,0.265,32.6816,10.6158,8.805472837,50,51.715,0.001474439,-0.003714957,0.001501354,0.02214755,0.085227187,NA,-0.025655721,-0.011242498,0.191938902,-0.110370143,8.01,612,,
G131SK,G131SG,SAREC,H131,104 S2_T3,T3,Aatrex,Soil,2,131,0,0,0,10.84,0,10.84,0.93,6.09,5.16,5.26,0,4.33,0.191685912,0.83,0.245,4.7571,0.5965,15.5737,7.7611,n.a.,2.6557,0.3125,32.254,9.4216,9.096356589,50,51.744,0.001354207,-0.004646404,0.001368851,0.028327312,0.044148037,NA,-0.024063075,-0.010618901,0.183473239,-0.113693681,,,,
G132SK,G132SG,SAREC,H132,104 S3_T3,T3,Aatrex,Soil,1,132,0,0,0,10.17,0,10.17,0.94,6.16,5.22,5.3,0,4.36,0.197247706,0.86,0.3079,5.1678,0.6067,10.8889,9.5587,n.a.,2.6594,0.3096,34.0276,9.7864,8.494482759,50,51.676,0.001830903,-0.002470636,0.001525473,0.001794433,0.058149453,NA,-0.025711904,-0.011374313,0.207004001,-0.119370164,,,,
G133SK,G133SG,SAREC,H133,105 S1_T3,T3,Roundup Powermax,Soil,3,133,0,0,0,10.74,0,10.74,1.02,6.21,5.19,5.3,0,4.28,0.212616822,0.91,0.159,4.5323,0.6495,12.4821,6.7808,n.a.,2.2778,0.2687,28.4222,8.6084,8.856878613,50,51.883,0.000890561,-0.006101647,0.00171972,0.011060803,0.03972184,NA,-0.026994317,-0.01119196,0.166495437,-0.121846719,8.16,634,,
G134SK,G134SG,SAREC,H134,105 S2_T3,T3,Roundup Powermax,Soil,4,134,0,0,0,10.45,0,10.45,0.93,6.38,5.45,5.48,0,4.55,0.197802198,0.9,0.2853,4.9392,0.5959,18.9932,7.6797,n.a.,2.5795,0.2804,29.0669,9.1418,8.724311927,50,51.726,0.001650287,-0.003763164,0.001422865,0.049798569,0.045532454,NA,-0.025532379,-0.011258409,0.172334865,-0.120159934,,,,
G135SK,G135SG,SAREC,H135,105 S3 _T3,T3,Roundup Powermax,Soil,3,135,0,0,0,10.32,0,10.32,0.98,6.12,5.14,5.3,0,4.32,0.189814815,0.82,0.3725,5.5737,0.428,19.3903,15.5651,n.a.,3.2854,0.3648,38.4501,10.8336,8.673618677,50,51.646,0.002176809,-1.51E-06,0.000429642,0.05237767,0.092681096,NA,-0.021438982,-0.010804292,0.228947968,-0.110603278,,,,
G136SK,G136SG,SAREC,H136,201 S1_T3,T3,Roundup Powermax,Soil,1,136,0,0,0,10.35,0,10.35,1.01,6.07,5.06,5.27,0,4.26,0.187793427,0.8,0.2137,5.4764,0.6034,54.4837,18.8682,n.a.,3.7436,0.3473,35.2407,9.1334,8.713636364,50,51.636,0.001225106,-0.000577769,0.001466912,0.260087961,0.111811563,NA,-0.01862104,-0.010856149,0.208833562,-0.120149383,7.92,936,,
G137SK,G137SG,SAREC,H137,201 S2_T3,T3,Roundup Powermax,Soil,1,137,0,0,0,10.96,0,10.96,1.06,6.2,5.14,5.28,0,4.22,0.218009479,0.92,0.2626,4.8328,0.5687,13.0886,8.9874,n.a.,2.4374,0.2825,29.5083,8.0844,8.998287938,50,51.962,0.001476452,-0.004279945,0.001229153,0.014406005,0.051898935,NA,-0.025688702,-0.010953267,0.170399356,-0.123139128,,,,
G138SK,G138SG,SAREC,H138,201 S3_T3,T3,Roundup Powermax,Soil,1,138,0,0,0,10.16,0,10.16,1.05,6.14,5.09,5.34,0,4.29,0.186480186,0.8,0.3746,7.6445,0.522,15.9007,10.5378,n.a.,3.303,0.3615,36.68,9.6354,8.563143418,50,51.597,0.002215432,0.012476057,0.001000801,0.031975622,0.063494806,NA,-0.021588972,-0.010953121,0.221014065,-0.119142824,,,,
G139SK,G139SG,SAREC,H139,202 S1_T3,T3,Aatrex,Soil,1,139,0,0,0,10.85,0,10.85,0.98,6.18,5.2,5.37,0,4.39,0.184510251,0.81,0.2424,4.9875,0.5869,36.7568,13.0872,n.a.,2.7952,0.2757,27.8567,8.8163,9.159903846,50,51.69,0.001328412,-0.003309215,0.001303811,0.147639602,0.073852228,NA,-0.023084322,-0.010741926,0.157197923,-0.116203836,8,693,,
G140SK,G140SG,SAREC,H140,202 S2_T3,T3,Aatrex,Soil,1,140,0,0,0,10.31,0,10.31,1,6.25,5.25,5.41,0,4.41,0.19047619,0.84,0.3451,4.8449,0.5673,20.4319,18.7939,n.a.,3.0724,0.2464,34.0897,10.2753,8.6604,50,51.65,0.002016463,-0.004347764,0.001260812,0.058672464,0.112084658,NA,-0.022743254,-0.011527352,0.203306853,-0.114108646,,,,
G141SK,G141SG,SAREC,H141,202 S3_T3,T3,Aatrex,Soil,2,141,0,0,0,10.44,0,10.44,1,6.03,5.03,5.24,0,4.24,0.186320755,0.79,0.2788,4.8511,0.6328,23.7035,7.9814,n.a.,2.8472,0.2922,33.5484,10.5321,8.800318091,50,51.64,0.001595014,-0.004241654,0.001625034,0.076926227,0.046834085,NA,-0.023699281,-0.011073375,0.196859961,-0.110766231,,,,
G142SK,G142SG,SAREC,H142,203 S1_T3,T3,Hand,Soil,4,142,0,0,0,10.2,0,10.2,0.96,6.21,5.25,5.28,0,4.32,0.215277778,0.93,0.2988,5.0906,0.5808,16.483,9.7638,n.a.,2.6472,0.2899,31.7405,10.1336,8.393142857,50,51.807,0.001801584,-0.002983088,0.001388474,0.03635041,0.060267132,NA,-0.026163622,-0.011662014,0.195918736,-0.118975525,7.89,567,,
G143SK,G143SG,SAREC,H143,203 S2_T3,T3,Hand,Soil,4,143,0,0,0,10.03,0,10.03,0.99,6.06,5.07,5.16,0,4.17,0.215827338,0.9,0.3561,5.1169,0.3696,17.4134,10.103,n.a.,3.0648,0.3639,36.7257,12.0726,8.249526627,50,51.78,0.002191508,-0.002868643,8.59E-05,0.042804284,0.063414616,NA,-0.023984498,-0.011394501,0.230518967,-0.108814541,,,,
G144SK,G144SG,SAREC,H144,203 S3_T3,T3,Hand,Soil,5,144,0,0,0,10.04,0,10.04,1.03,6.09,5.06,5.18,0,4.15,0.219277108,0.91,0.2863,5.6613,0.5674,12.6811,9.0245,n.a.,2.4865,0.2442,32.0666,9.6842,8.234387352,50,51.806,0.001757423,0.000549466,0.001330494,0.013131147,0.056776264,NA,-0.027678666,-0.012174568,0.201743245,-0.124093831,,,,
G145SK,G145SG,SAREC,H145,204 S1_T3,T3,Clarity,Soil,2,145,0,0,0,10.49,0,10.49,1.01,6.39,5.38,5.5,0,4.49,0.198218263,0.89,0.571,5.8553,1.6406,29.4869,10.2856,n.a.,3.8352,0.5998,37.3473,9.5581,8.754665428,50,51.735,0.003333379,0.001662668,0.007592028,0.111647683,0.060782036,NA,-0.018028013,-0.009333666,0.220702344,-0.117305773,8.09,883,,
G146SK,G146SG,SAREC,H146,204 S2_T3,T3,Clarity,Soil,3,146,0,0,0,10.1,0,10.1,0.93,6.72,5.79,5.55,0,4.62,0.253246753,1.17,0.2363,4.6997,0.4204,16.1865,8.5014,n.a.,2.6633,0.3099,32.0196,8.4009,8.059067358,50,52.041,0.001480886,-0.005645051,0.000416648,0.03611368,0.054897121,NA,-0.027267258,-0.012071699,0.206764427,-0.135655698,,,,
G147SK,G147SG,SAREC,H147,204 S3_T3,T3,Clarity,Soil,3,147,0,0,0,10.58,0,10.58,1.09,6.18,5.09,5.24,0,4.15,0.226506024,0.94,0.2057,4.4588,0.6714,12.8118,6.8863,n.a.,1.999,0.251,25.5301,8.0041,8.626129666,50,51.954,0.001196864,-0.006716308,0.001900467,0.013357863,0.041475306,NA,-0.029433268,-0.011613683,0.153764205,-0.128915993,,,,
G148SK,G148SG,SAREC,H148,205 S1_T3,T3,Non-Treated,Soil,6,148,0,0,0,10.93,0,10.93,1.01,6.67,5.66,5.7,0,4.69,0.206823028,0.97,0.3511,4.8836,0.6808,12.1682,7.0239,n.a.,2.5834,0.2143,30.2581,9.212,9.056837456,50,51.873,0.00197108,-0.003953652,0.001861114,0.009016618,0.04022948,NA,-0.024642696,-0.011254153,0.173303479,-0.11567632,7.8,1010,,
G149SK,G149SG,SAREC,H149,205 S2_T3,T3,Non-Treated,Soil,5,149,0,0,0,10.19,0,10.19,0.92,6.69,5.77,5.7,0,4.78,0.207112971,0.99,0.3585,5.2725,0.3355,9.422,6.8918,n.a.,30.4348,2.8613,241.8643,99.9086,8.441629116,50,51.748,0.002154986,-0.001847588,-0.000124955,-0.007183612,0.042247825,NA,0.144358075,0.004181127,1.482662187,0.432174759,,,,
G150SK,G150SG,SAREC,H150,205 S3_T3,T3,Non-Treated,Soil,6,150,0,0,0,10.04,0,10.04,0.98,6.47,5.49,5.45,0,4.47,0.228187919,1.02,0.1918,4.7495,0.5153,9.3492,7.5206,n.a.,24.7808,2.6747,222.402,102.3917,8.174644809,50,51.865,0.001172817,-0.005230517,0.001011517,-0.007896907,0.047715702,NA,0.113536578,0.003143402,1.41106562,0.463053078,,,,
G151SK,G151SG,SAREC,H151,301 S1_T3,T3,Non-Treated,Soil,6,151,0,0,0,10.59,0,10.59,1,4.49,3.49,3.86,0,2.86,0.22027972,0.63,0.1865,4.8754,0.5002,15.4348,6.9322,n.a.,28.5066,2.9537,236.3845,102.4442,8.678338109,50,51.912,0.001073939,-0.004178332,0.000862936,0.02895695,0.041466727,NA,0.129329344,0.004632487,1.413993488,0.436880759,8.26,486,,
G152SK,G152SG,SAREC,H152,301 S2 _T3,T3,Non-Treated,Soil,6,152,0,0,0,10.26,0,10.26,1.06,3.82,2.76,3.43,0,2.37,0.164556962,0.39,0.2105,4.7978,0.5276,13.4324,7.9059,n.a.,27.8359,2.9473,245.9043,100.2432,8.810217391,50,51.45,0.001188594,-0.004532523,0.001002811,0.016576398,0.046168561,NA,0.122343387,0.004485247,1.436028598,0.413658745,,,,
G153SK,G153SG,SAREC,H153,301 S3_T3,T3,Non-Treated,Soil,6,153,0,0,0,10.55,0,10.55,1.03,3.77,2.74,3.35,0,2.32,0.181034483,0.42,0.3337,5.6495,0.513,10.4579,8.4805,n.a.,32.5848,3.1391,258.9719,105.7748,8.932846715,50,51.617,0.001887866,0.000436926,0.00090777,-0.000785948,0.049003292,NA,0.148497407,0.005546026,1.496431419,0.441270698,,,,
G154SK,G154SG,SAREC,H154,302 S1_T3,T3,Roundup Powermax,Soil,3,154,0,0,0,10.13,0,10.13,NA,NA,NA!,NA,0,NA!,NA!,NA!,0.1505,4.492,0.6283,17.0306,6.9747,n.a.,27.9865,2.5895,218.3614,96.5756,NA!,50,NA!,NA,NA,NA,NA,NA,NA,NA,NA,NA,NA,8.2,667,,
G155SK,G155SG,SAREC,H155,302 S2_T3,T3,Roundup Powermax,Soil,2,155,0,0,0,10.88,0,10.88,1.05,4.66,3.61,4.12,0,3.07,0.175895765,0.54,0.1952,5.3619,0.6062,15.2362,13.4097,n.a.,36.9357,2.9957,311.205,102.1508,9.252520776,50,51.627,0.001050416,-0.001183293,0.001396566,0.025903279,0.074823728,NA,0.167672572,0.004555308,1.736470771,0.40588911,,,,
G156SK,G156SG,SAREC,H156,302 S3_T3,T3,Roundup Powermax,Soil,3,156,0,0,0,10.26,0,10.26,1,4.31,3.31,3.79,0,2.79,0.186379928,0.52,0.1639,4.9152,0.5699,15.2819,8.246,n.a.,27.729,3.0226,241.7329,91.4967,8.6481571,50,51.612,0.000936627,-0.00393152,0.001277367,0.027977935,0.049211641,NA,0.124390693,0.005032834,1.442651884,0.37053902,,,,
G157SK,G157SG,SAREC,H157,303 S1_T3,T3,Clarity,Soil,3,157,0,0,0,10.79,0,10.79,1.08,3.41,2.33,3.01,0,1.93,0.207253886,0.4,0.094,4.3979,0.5727,20.6918,10.7474,n.a.,24.0315,2.335,205.2173,83.736,8.937639485,50,51.852,0.000504823,-0.006822553,0.001257757,0.058583533,0.062352098,NA,0.099471038,0.000903508,1.190582699,0.315184271,8.11,614,,
G158SK,G158SG,SAREC,H158,303 S2_T3,T3,Clarity,Soil,2,158,0,0,0,10.05,0,10.05,1,6.06,5.06,5.19,0,4.19,0.207637232,0.87,0.2592,4.9738,0.5545,16.5036,8.3648,n.a.,31.9518,2.582,236.288,94.2221,8.322035573,50,51.728,0.001568155,-0.003730304,0.00123428,0.036733175,0.051993951,NA,0.155803975,0.002503477,1.468715077,0.402866363,,,,
G159SK,G159SG,SAREC,H159,303 S3_T3,T3,Clarity,Soil,2,159,0,0,0,10.05,0,10.05,1.04,6.67,5.63,5.72,0,4.68,0.202991453,0.95,0.2228,4.8819,0.6421,25.2791,7.1149,n.a.,27.1513,2.4845,197.7026,83.9652,8.354174067,50,51.696,0.001335411,-0.00428197,0.001770902,0.090872506,0.044027426,NA,0.125402325,0.001888906,1.223388438,0.33759761,,,,
G160SK,G160SG,SAREC,H160,304 S1_T3,T3,Aatrex,Soil,4,160,0,0,0,11.01,0,11.01,1,4.16,3.16,3.6,0,2.6,0.215384615,0.56,0.0845,4.6329,0.6739,16.537,14.4649,n.a.,24.3459,2.7609,208.1051,88.5735,9.058860759,50,51.951,0.000444498,-0.005396426,0.001823584,0.034082513,0.082954042,NA,0.100130104,0.003335273,1.193449898,0.339301282,8.06,364,,
G161SK,G161SG,SAREC,H161,304 S2_T3,T3,Aatrex,Soil,2,161,0,0,0,10.43,0,10.43,1.03,3.61,2.58,3.28,0,2.25,0.146666667,0.33,0.1903,4.8877,0.584,11.0061,6.9782,n.a.,25.5123,2.4395,231.9773,98.1845,9.095930233,50,51.334,0.001034704,-0.003872889,0.001287087,0.002326493,0.039382195,NA,0.105120228,0.001468644,1.309194429,0.388145554,,,,
G162SK,G162SG,SAREC,H162,304 S3_T3,T3,Aatrex,Soil,1,162,0,0,0,10.16,0,10.16,1.03,3.9,2.87,3.5,0,2.47,0.16194332,0.4,0.1621,5.2481,0.6024,12.5238,8.2469,n.a.,22.5679,2.7793,225.6896,84.7695,8.743972125,50,51.416,0.000912469,-0.001916025,0.001449383,0.011348056,0.048493119,NA,0.09221243,0.003528079,1.327093042,0.325531467,,,,
G163SK,G163SG,SAREC,H163,305 S1_T3,T3,Hand,Soil,5,163,0,0,0,10.38,0,10.38,1.03,3.47,2.44,3.07,0,2.04,0.196078431,0.4,0.0866,4.5334,0.6021,11.9076,6.3567,n.a.,21.3317,2.7299,194.3556,83.3932,8.678360656,50,51.702,0.000474824,-0.006198839,0.00146652,0.007826659,0.037870434,NA,0.086061255,0.003280537,1.157880545,0.321614887,8.22,644,,
G164SK,G164SG,SAREC,H164,305 S2_T3,T3,Hand,Soil,4,164,0,0,0,10,0,10,1.06,3.94,2.88,3.54,0,2.48,0.161290323,0.4,0.2637,4.922,0.593,19.7606,7.8101,n.a.,29.9865,2.5338,226.3401,96.164,8.611111111,50,51.389,0.001532325,-0.003890233,0.001415213,0.054704254,0.046608516,NA,0.137858186,0.002115861,1.350739419,0.39837906,,,,
G165SK,G165SG,SAREC,H165,305 S3_T3,T3,Hand,Soil,3,165,0,0,0,10.33,0,10.33,1.03,6.25,5.22,5.31,0,4.28,0.219626168,0.94,0.3786,4.9538,0.546,13.7938,7.9192,n.a.,31.9713,2.8114,236.0158,93.5717,8.469808429,50,51.86,0.002275651,-0.003796969,0.001164281,0.019592637,0.048488875,NA,0.153596569,0.003870594,1.445112488,0.392867158,,,,
G166SK,G166SG,SAREC,H166,401 S1_T3,T3,Roundup Powermax,Soil,4,166,0,0,0,10.31,0,10.31,0.99,6.33,5.34,5.55,0,4.56,0.171052632,0.78,0.175,4.9413,0.8141,78.0274,14.4713,n.a.,32.3585,2.556,211.5989,84.4127,8.804044944,50,51.506,0.000982915,-0.003701172,0.002680688,0.394503333,0.084660772,NA,0.149021282,0.002204211,1.237908804,0.321788044,7.73,1485,,
G167SK,G167SG,SAREC,H167,401 S2_T3,T3,Roundup Powermax,Soil,2,167,0,0,0,10.85,0,10.85,0.92,6.08,5.16,5.25,0,4.33,0.191685912,0.83,0.3046,5.1875,1.007,48.3615,7.7443,n.a.,35.2179,2.5776,234.4613,92.2699,9.104748062,50,51.745,0.001691478,-0.002196176,0.003700357,0.214645693,0.044013239,NA,0.161020041,0.002263886,1.332519945,0.357261448,,,,
G168SK,G168SG,SAREC,H168,401 S3_T3,T3,Roundup Powermax,Soil,2,168,0,0,0,10.57,0,10.57,0.99,6.8,5.81,5.99,0,5,0.162,0.81,0.3276,5.5489,0.58,52.3683,8.0746,n.a.,45.2035,2.7037,261.3714,94.8075,9.096385542,50,51.474,0.001814236,-0.00014172,0.001268129,0.236388519,0.045691891,NA,0.216827399,0.002967477,1.479019392,0.370071857,,,,
G169SK,G169SG,SAREC,H169,402 S1_T3,T3,Hand,Soil,2,169,0,0,0,10.39,0,10.39,1.01,6.32,5.31,5.3,0,4.29,0.237762238,1.02,0.1173,4.5763,0.6006,10.983,8.5982,n.a.,22.1123,2.8,197.4246,81.4568,8.394180791,50,51.996,0.000683303,-0.006179764,0.001515579,0.002410345,0.053259432,NA,0.094316503,0.003845065,1.22290131,0.322400579,8.19,768,,
G170SK,G170SG,SAREC,H170,402 S2_T3,T3,Hand,Soil,2,170,0,0,0,10.29,0,10.29,0.99,5.08,4.09,4.56,0,3.57,0.145658263,0.52,0.2412,4.6311,0.579,10.6946,7.6312,n.a.,25.9821,2.5835,216.2865,96.5391,8.981735941,50,51.308,0.001338316,-0.005385763,0.00127465,0.000575514,0.043593227,NA,0.109087037,0.002309042,1.235538947,0.383483935,,,,
G171SK,G171SG,SAREC,H171,402 S3_T3,T3,Hand,Soil,2,171,0,0,0,10.47,0,10.47,1.02,5.61,4.59,4.85,0,3.83,0.19843342,0.76,0.1903,4.7057,0.4925,20.8351,12.3233,n.a.,24.6392,2.872,229.4412,103.1267,8.736405229,50,51.734,0.001085849,-0.005141315,0.000809134,0.060644259,0.072973959,NA,0.105128233,0.00410178,1.358661533,0.436530016,,,,
G172SK,G172SG,SAREC,H172,403 S1_T3,T3,Non-Treated,Soil,6,172,0,0,0,10.81,0,10.81,1.05,6.34,5.29,5.35,0,4.3,0.230232558,0.99,0.2469,4.6972,0.4628,12.0381,5.8416,n.a.,25.3613,2.6674,240.193,110.5825,8.786956522,50,52.023,0.00142042,-0.005190845,0.000632977,0.008550482,0.034584912,NA,0.109382947,0.002889672,1.422059025,0.480588837,8.22,619,,
G173SK,G173SG,SAREC,H173,403 S2_T3,T3,Non-Treated,Soil,6,173,0,0,0,10.61,0,10.61,0.99,6.35,5.36,5.4,0,4.41,0.215419501,0.95,0.1298,4.2822,0.5177,12.2788,6.3028,n.a.,22.574,2.7632,184.6609,88.0822,8.729496269,50,51.881,0.000729948,-0.007677026,0.000961679,0.010013537,0.037458072,NA,0.093236156,0.003470465,1.097463282,0.348704471,,,,
G174SK,G174SG,SAREC,H174,403 S3_T3,T3,Non-Treated,Soil,6,174,0,0,0,10.55,0,10.55,0.99,6.54,5.55,5.55,0,4.56,0.217105263,0.99,0.3304,5.9673,0.538,11.942,6.4708,n.a.,23.6074,3.3568,220.4597,96.1333,8.668108108,50,51.882,0.001935783,0.00235473,0.001089701,0.008068849,0.038730127,NA,0.100084207,0.007047828,1.319534073,0.399372139,,,,
G175SK,G175SG,SAREC,H175,404 S1_T3,T3,Clarity,Soil,2,175,0,0,0,10.78,0,10.78,1.03,6.03,5,5.28,0,4.25,0.176470588,0.75,0.3431,4.9121,0.5631,15.2623,11.0431,n.a.,29.5445,2.821,242.3004,100.1374,9.163,50,51.617,0.001893394,-0.00372795,0.00116748,0.026298028,0.062208132,NA,0.127640411,0.003614948,1.364926222,0.398429432,8.22,577,,
G176SK,G176SG,SAREC,H176,404 S2_T3,T3,Clarity,Soil,1,176,0,0,0,10.83,0,10.83,1,6.3,5.3,5.55,0,4.55,0.164835165,0.75,0.3677,4.6499,0.5281,18.8876,8.2282,n.a.,37.9647,2.737,252.7628,93.6264,9.29745283,50,51.533,0.001999343,-0.005121505,0.000954695,0.045969219,0.045605949,NA,0.172258619,0.003091011,1.400976049,0.355936957,,,,
G177SK,G177SG,SAREC,H177,404 S3_T3,T3,Clarity,Soil,1,177,0,0,0,9.99,0,9.99,1.02,6.5,5.48,5.73,0,4.71,0.163481953,0.77,0.3428,4.9054,0.3578,34.5566,6.9235,n.a.,32.5069,2.564,231.1505,105.634,8.58629562,50,51.404,0.002010607,-0.00400233,1.14E-05,0.14345764,0.04144881,NA,0.153385177,0.002303056,1.383832153,0.456339972,,,,
G178SK,G178SG,SAREC,H178,405 S1_T3,T3,Aatrex,Soil,2,178,0,0,0,10.6,0,10.6,1,6.19,5.19,5.13,0,4.13,0.256658596,1.06,0.331,4.8064,0.4774,11.7338,6.1333,n.a.,27.8862,2.6583,235.6756,94.132,8.435067437,50,52.165,0.002003895,-0.004746317,0.000751236,0.007049292,0.037930385,NA,0.129871601,0.002962642,1.457486793,0.400268419,8.25,589,,
G179SK,G179SG,SAREC,H179,405 S2_T3,T3,Aatrex,Soil,1,179,0,0,0,10.22,0,10.22,0.99,6.06,5.07,5.04,0,4.05,0.251851852,1.02,0.3353,4.8844,0.5651,15.9418,10.8474,n.a.,33.201,2.8168,230.1491,101.965,8.163905325,50,52.056,0.002093512,-0.004396726,0.00133403,0.034100149,0.069167346,NA,0.167794458,0.004065019,1.46751626,0.46264644,,,,
G180SK,G180SG,SAREC,H180,405 S3_T3,T3,Aatrex,Soil,0,180,0,0,0,10.31,0,10.31,0.94,6.15,5.21,5.33,0,4.39,0.186788155,0.82,0.2398,4.4468,0.6486,16.3794,19.0359,n.a.,32.3519,2.7513,219.3761,96.3971,8.68731286,50,51.623,0.001383899,-0.00669789,0.00173966,0.034379458,0.113117395,NA,0.151326457,0.003399155,1.30360018,0.398066199,,,,