,taxon,intercept,timeT2,timeT3,Atrazine-Mesotrione,Dicamba,Handweeded,Glyphosate,Total Weedy Veg,Rsquared,Taxonomy
282,centroid.otu711,-3.172762906,-0.036132777,0.239131974,-0.017050567,0.148664674,-0.057247895,0.103099351,0.0009968,0.150301563,k:Bacteria;p:Acidobacteria;c:Acidobacteria-6;o:iii1-15;NA;NA;NA
272,centroid.otu63,-2.743412003,0.14746202,0.111828169,-0.054209709,0.16489395,-0.017331007,0.099654654,0.035730277,0.14176825,k:Bacteria;p:Planctomycetes;c:Phycisphaerae;o:WD2101;NA;NA;NA
146,centroid.otu179,-2.911394146,-0.132449028,0.07759238,-0.012671323,0.108943295,0.256971441,0.014251647,0.026269882,0.139008108,k:Bacteria;p:Acidobacteria;c:Acidobacteria-6;o:iii1-15;NA;NA;NA
89,centroid.otu1338,-3.225283583,0.07076393,0.096316929,-0.075982066,-0.077260696,-0.134031199,0.188818857,-0.001410488,0.137479558,k:Bacteria;p:Proteobacteria;c:Alphaproteobacteria;o:Rhizobiales;NA;NA;NA
226,centroid.otu441,-3.090734736,0.000881662,-0.023815051,0.066106787,0.276039646,-0.085866971,0.200620199,-0.000518291,0.136318032,k:Bacteria;p:Planctomycetes;c:Planctomycetia;o:Gemmatales;f:Gemmataceae;g:Gemmata;NA
16,centroid.otu1225,-3.275633622,0.121887358,-0.00313376,-0.084685489,-0.064179934,-0.084979014,0.117527697,0.030232837,0.130394424,k:Bacteria;p:Gemmatimonadetes;c:Gemm-1;NA;NA;NA;NA
243,centroid.otu505,-2.735524022,-0.044941315,-0.074326079,0.09905361,0.14332295,-0.074692705,-0.142686382,-0.053382193,0.129266512,k:Bacteria;p:Proteobacteria;c:Alphaproteobacteria;o:Rhizobiales;f:Hyphomicrobiaceae;NA;NA
302,centroid.otu837,-2.988618066,0.172715764,-0.020733499,-0.222916054,0.049486641,-0.061884622,0.055180016,-0.034199248,0.116473191,k:Bacteria;p:Chloroflexi;c:Anaerolineae;o:CFB-26;NA;NA;NA
159,centroid.otu1899,-3.291745803,0.116006229,0.003671726,0.368016959,-0.04877269,0.055511393,-0.061294556,0.017839989,0.115612394,k:Bacteria;p:Planctomycetes;c:Planctomycetia;o:Gemmatales;f:Isosphaeraceae;NA;NA
222,centroid.otu428,-3.220996329,0.021854565,0.132697211,0.025874707,0.258473209,0.069976667,0.085204215,0.022821558,0.113258252,k:Bacteria;p:Planctomycetes;c:Phycisphaerae;o:WD2101;NA;NA;NA
301,centroid.otu83,-2.3783609,0.146329688,-0.028778291,-0.027754273,-0.063675962,-0.077943984,-0.025898158,-0.036170978,0.111260128,k:Bacteria;p:Acidobacteria;c:Acidobacteria-6;o:iii1-15;f:mb2424;NA;NA
98,centroid.otu1400,-2.88246819,0.106599394,-0.030428199,-0.214079763,-0.096684479,-0.163835494,-0.053579551,-0.045503842,0.110213122,k:Bacteria;p:Proteobacteria;c:Alphaproteobacteria;o:Rhizobiales;f:Hyphomicrobiaceae;g:Rhodoplanes;NA
149,centroid.otu181,-3.011981018,0.155519552,0.091156515,0.160720041,-0.06482698,-0.064346757,0.105606639,0.049550867,0.10656442,k:Bacteria;p:Proteobacteria;c:Gammaproteobacteria;o:Xanthomonadales;f:Xanthomonadaceae;NA;NA
181,centroid.otu227,-2.932062386,0.123916341,-0.002415089,0.135982037,0.097327816,0.247024678,0.039071379,-0.012347743,0.105517009,k:Bacteria;p:Proteobacteria;c:Alphaproteobacteria;o:Rhodospirillales;NA;NA;NA
249,centroid.otu55,-2.263612312,-0.177634287,-0.079927653,-0.084252009,0.102338855,0.064660439,-0.101660331,-0.030373325,0.102861396,k:Bacteria;p:Planctomycetes;c:Planctomycetia;o:Gemmatales;f:Isosphaeraceae;NA;NA
220,centroid.otu423,-2.675746852,-0.107746742,-0.060191249,-0.157612159,-0.023583977,-0.210518161,-0.285604965,-0.036605916,0.09704429,k:Bacteria;p:WS3;c:PRR-12;o:Sediment-1;NA;NA;NA
237,centroid.otu488,-3.098223625,-0.067480873,-0.027909809,0.317317052,0.178701861,0.242700174,0.178131287,-0.000240409,0.094609322,k:Bacteria;p:Acidobacteria;c:S035;NA;NA;NA;NA
242,centroid.otu498,-2.747130064,-0.10414667,0.015828369,-0.047856875,-0.125231436,-0.144594647,-0.258206646,-0.038383827,0.094228974,k:Bacteria;p:Proteobacteria;c:Betaproteobacteria;NA;NA;NA;NA
219,centroid.otu416,-3.044586111,-0.000709076,-0.048963983,0.075219392,-0.017485915,0.099386644,0.313726047,0.026028411,0.094225907,k:Bacteria;p:Gemmatimonadetes;c:Gemmatimonadetes;o:N1423WL;NA;NA;NA
271,centroid.otu629,-2.757929732,0.090636817,0.018221725,-0.286807999,-0.155177955,-0.246137766,-0.217330908,-0.05247459,0.093977802,k:Bacteria;p:Planctomycetes;c:Phycisphaerae;o:WD2101;NA;NA;NA
280,centroid.otu685,-2.55471821,-0.018260361,0.195183893,-0.319510449,-0.325740166,-0.402672356,-0.492269705,-0.060046713,0.091226463,k:Bacteria;p:Bacteroidetes;c:Cytophagia;o:Cytophagales;f:Cytophagaceae;g:Adhaeribacter;NA
206,centroid.otu346,-2.633438607,-0.055330138,-0.048532756,0.094120838,-0.139095094,-0.146430027,-0.134112659,-0.039570186,0.090540301,k:Bacteria;p:Actinobacteria;c:Actinobacteria;o:Actinomycetales;f:Streptomycetaceae;g:Streptomyces;NA
108,centroid.otu15,-1.945950961,0.038904568,-0.054230356,-0.130341361,-0.045859016,-0.168041269,-0.092411661,0.008494325,0.089113446,k:Bacteria;p:Acidobacteria;c:[Chloracidobacteria];o:RB41;f:Ellin6075;NA;NA
256,centroid.otu57,-2.403337066,-0.030762753,-0.041380049,0.229481647,-0.003505709,0.036803404,0.012666032,-0.003339256,0.087774453,k:Bacteria;p:Acidobacteria;c:Acidobacteria-6;o:iii1-15;f:mb2424;NA;NA
104,centroid.otu1437,-3.154930914,0.069161968,0.105781839,0.199273727,-0.012263721,0.039876589,-0.010455901,-0.020584495,0.087235224,k:Bacteria;p:Acidobacteria;c:Acidobacteria-6;o:iii1-15;NA;NA;NA
277,centroid.otu670,-3.253828017,-0.022685778,0.077227361,0.521396731,0.187541783,0.209798416,0.495414739,0.02710826,0.087014771,k:Bacteria;p:Cyanobacteria;c:Chloroplast;o:Stramenopiles;NA;NA;NA
288,centroid.otu743,-3.183255404,0.120251612,0.220547728,-0.030739529,-0.040446214,-0.062133656,0.151933574,0.025049178,0.085040389,k:Bacteria;p:Proteobacteria;c:Alphaproteobacteria;o:Sphingomonadales;f:Sphingomonadaceae;g:Kaistobacter;NA
198,centroid.otu308,-2.68829221,-0.061462372,0.036413648,-0.163037824,-0.174975292,0.018817286,-0.192087737,-0.036144874,0.084915301,k:Bacteria;p:Acidobacteria;c:Acidobacteria-6;o:iii1-15;NA;NA;NA
17,centroid.otu155,-2.702095163,0.220150209,0.147291131,0.118186318,0.263038682,0.184698989,0.249939227,0.027145137,0.084488312,k:Bacteria;p:Acidobacteria;c:Acidobacteria-6;o:iii1-15;NA;NA;NA
128,centroid.otu1649,-3.196454127,-0.31667717,-0.219808853,0.28977838,0.525211289,0.772294232,0.167736755,0.02370427,0.08392546,k:Bacteria;p:Proteobacteria;c:Deltaproteobacteria;o:Myxococcales;f:Myxococcaceae;g:Myxococcus;NA
197,centroid.otu307,-2.655602974,-0.141005959,0.026264394,-0.139466647,-0.142732868,-0.252204254,-0.151014379,-0.000497322,0.083908074,k:Bacteria;p:Acidobacteria;c:Acidobacteria-6;o:iii1-15;NA;NA;NA
11,centroid.otu530,-2.864861187,-0.112426223,-0.032716039,0.253349977,0.112445229,0.120468666,0.127157941,0.064165101,0.083448372,k:Bacteria;p:Acidobacteria;c:Acidobacteria-6;o:CCU21;NA;NA;NA
121,centroid.otu1597,-3.12485708,-0.10403586,-0.06053896,-0.07077081,0.142809113,-0.026392876,-0.120573166,-0.000933344,0.083052724,k:Bacteria;p:Verrucomicrobia;c:[Spartobacteria];o:[Chthoniobacterales];f:[Chthoniobacteraceae];NA;NA
122,centroid.otu1603,-3.061871768,-0.003411009,0.109245124,-0.102132637,0.218244174,-0.087431046,-0.120684778,-0.03865533,0.081218925,k:Bacteria;p:BRC1;c:PRR-11;NA;NA;NA;NA
153,centroid.otu184,-2.660911622,0.086176473,0.022783285,-0.184378241,-0.172541361,-0.0075293,-0.174007759,-0.00349459,0.080794635,k:Bacteria;p:Actinobacteria;c:Thermoleophilia;o:Gaiellales;f:Gaiellaceae;NA;NA
262,centroid.otu589,-2.930063231,-0.039049224,0.118456881,-0.038697855,-0.134350054,0.075682886,-0.10202826,-0.023003381,0.080421939,k:Bacteria;p:Gemmatimonadetes;c:Gemmatimonadetes;NA;NA;NA;NA
167,centroid.otu196,-2.72690325,0.044427128,-0.021797017,0.031453392,-0.230297181,-0.070910242,-0.102037707,0.020267334,0.079964486,k:Bacteria;p:Acidobacteria;c:[Chloracidobacteria];o:RB41;f:Ellin6075;NA;NA
247,centroid.otu537,-2.623208622,-0.18018846,-0.08548191,-0.119023276,-0.308315289,-0.079555006,-0.182909944,-0.032420082,0.079705224,k:Bacteria;p:Actinobacteria;c:Acidimicrobiia;o:Acidimicrobiales;f:Iamiaceae;g:Iamia;NA
116,centroid.otu1541,-3.023743617,0.137527146,0.024305159,-0.186612648,-0.186987042,-0.147291456,-0.220962804,-0.022451264,0.079570598,k:Bacteria;p:Planctomycetes;c:Planctomycetia;o:Pirellulales;f:Pirellulaceae;NA;NA
161,centroid.otu192,-2.704607679,0.122261604,0.008703701,0.069254748,-0.022909075,-0.047323418,-0.027421504,-0.029956466,0.079420995,k:Bacteria;p:Bacteroidetes;c:Cytophagia;o:Cytophagales;f:Cytophagaceae;NA;NA
120,centroid.otu1580,-3.240096932,0.033438127,0.151088758,0.164955522,-0.004534534,-0.011301801,-0.003731129,-0.007869638,0.079389206,k:Bacteria;p:Gemmatimonadetes;NA;NA;NA;NA;NA
255,centroid.otu569,-3.058241186,0.117718669,-0.062171578,-0.068570131,0.098741756,-0.077611204,0.029340314,-0.003761575,0.078947486,k:Bacteria;p:Planctomycetes;c:Planctomycetia;o:Gemmatales;f:Gemmataceae;g:Gemmata;NA
321,centroid.otu937,-7.357627994,1.14067913,0.797969334,2.471212,2.824659921,2.210905436,3.346071774,0.438016386,0.078923081,k:Bacteria;p:Cyanobacteria;NA;NA;NA;NA;NA
268,centroid.otu62,-2.516931681,0.057984984,0.001655351,0.149725765,-0.105604833,0.081858634,0.080210304,0.011230583,0.078510498,k:Bacteria;p:Acidobacteria;c:[Chloracidobacteria];o:RB41;NA;NA;NA
137,centroid.otu1694,-3.218087781,0.036676628,-0.009878418,0.156811789,-0.131511904,-0.048121353,-0.058550271,0.012311528,0.078488971,k:Bacteria;p:Planctomycetes;c:Planctomycetia;o:Gemmatales;f:Gemmataceae;g:Gemmata;NA
9,centroid.otu259,-2.730426706,0.015015428,0.01231086,0.151734213,0.233658172,0.195841793,0.119937226,0.050008199,0.077877322,k:Bacteria;p:Acidobacteria;c:Acidobacteria-6;o:iii1-15;NA;NA;NA
200,centroid.otu315,-2.747019692,-0.155350247,-0.17932241,-0.094381372,0.074696244,0.123010218,0.022445612,-0.013080668,0.077523237,k:Bacteria;p:Planctomycetes;c:Planctomycetia;o:Planctomycetales;f:Planctomycetaceae;g:Planctomyces;NA
154,centroid.otu1848,-3.024583231,-0.037624715,-0.01128576,0.040877245,0.229034598,-0.066769301,-0.107164093,-0.031841448,0.077347498,k:Bacteria;p:Proteobacteria;c:Deltaproteobacteria;o:Myxococcales;NA;NA;NA
298,centroid.otu801,-2.817979067,0.08033552,0.059518619,-0.235663062,-0.180327056,-0.28798271,-0.143760484,-0.045536853,0.077109013,k:Bacteria;p:Proteobacteria;c:Alphaproteobacteria;o:Caulobacterales;f:Caulobacteraceae;g:Phenylobacterium;NA
178,centroid.otu221,-2.895583485,-0.075445441,-0.037311203,0.045854819,0.102781237,-0.061660817,-0.09371594,0.027201514,0.076889928,k:Bacteria;p:Planctomycetes;c:Planctomycetia;o:Pirellulales;f:Pirellulaceae;NA;NA
36,centroid.otu42,-2.328165251,0.089050347,0.131001978,0.106556012,-0.066416319,-0.027278738,0.126286936,0.002843735,0.076018917,k:Bacteria;p:Acidobacteria;c:Acidobacteria-6;o:iii1-15;NA;NA;NA
229,centroid.otu450,-2.754230419,-0.022486923,-0.077801462,-0.14071098,-0.163122266,0.026790019,-0.22880664,-0.025905616,0.07588603,k:Bacteria;p:Chloroflexi;c:Ellin6529;NA;NA;NA;NA
285,centroid.otu72,-2.740522735,0.147301846,0.086940528,0.199951616,0.028011524,0.163831451,0.122719172,0.037164066,0.075433952,k:Bacteria;p:Acidobacteria;c:Acidobacteria-6;o:iii1-15;NA;NA;NA
80,centroid.otu1297,-2.086540546,-0.225282319,-0.350466149,-0.295591501,-0.549060785,-0.560179307,-0.233507325,-0.103103986,0.075263395,k:Bacteria;p:Proteobacteria;c:Alphaproteobacteria;o:Rhodobacterales;f:Rhodobacteraceae;g:Paracoccus;s:Paracoccus_marcusii
329,centroid.otu988,-2.877763846,-0.124024507,-0.155180411,-0.21324852,-0.19850524,-0.147903349,-0.155173679,-0.014508515,0.074812502,k:Bacteria;p:Planctomycetes;c:Planctomycetia;o:Gemmatales;f:Gemmataceae;g:Gemmata;NA
269,centroid.otu621,-2.708438758,-0.18203781,-0.070777988,-0.142846745,-0.183970826,-0.027647618,-0.136887095,-0.023357312,0.074742563,k:Bacteria;p:Actinobacteria;c:Acidimicrobiia;o:Acidimicrobiales;NA;NA;NA
115,centroid.otu153,-2.969634761,0.00395862,0.062437058,0.151489657,0.215557945,0.043156356,0.037733114,0.0353713,0.074634354,k:Bacteria;p:Planctomycetes;c:Phycisphaerae;o:WD2101;NA;NA;NA
166,centroid.otu195,-3.055363477,0.089766268,-0.018107993,0.053936686,0.174985291,0.205012739,0.167061748,0.028472065,0.073799134,k:Bacteria;p:Acidobacteria;c:Acidobacteria-6;o:iii1-15;NA;NA;NA
50,centroid.otu1056,-2.985953446,0.058135591,0.049246452,-0.042353846,-0.141780673,-0.141511754,-0.222616849,-0.023656988,0.073681871,k:Bacteria;p:Bacteroidetes;c:[Saprospirae];o:[Saprospirales];f:Chitinophagaceae;NA;NA
72,centroid.otu1260,-3.222244966,-0.124134016,-0.040647498,0.048146527,0.076887015,-0.011435906,0.256831932,0.014646301,0.073211646,k:Bacteria;p:Actinobacteria;c:Thermoleophilia;o:Solirubrobacterales;NA;NA;NA
4,centroid.otu1508,-2.894065346,0.130760648,-0.010935581,-0.040017053,-0.205171721,-0.293002909,-0.293739944,-0.033033337,0.073203049,k:Bacteria;p:Planctomycetes;c:Phycisphaerae;o:WD2101;NA;NA;NA
30,centroid.otu18,-1.53790407,0.085715485,0.106737821,0.018229354,-0.155027465,-0.076284224,-0.058379487,-0.012458039,0.073053911,k:Bacteria;p:Acidobacteria;c:Acidobacteria-6;o:iii1-15;NA;NA;NA
88,centroid.otu1337,-3.191938491,0.000847995,0.051626752,-0.056130457,-0.017091161,-0.111235983,0.229514741,0.010813019,0.072989229,k:Bacteria;p:Bacteroidetes;c:Cytophagia;o:Cytophagales;f:Cytophagaceae;g:Pontibacter;NA
119,centroid.otu1579,-3.180504735,0.167453136,0.090729325,-0.108230797,-0.231576166,-0.126502271,-0.180966008,0.025225763,0.072825872,k:Bacteria;p:Acidobacteria;c:Acidobacteria-6;o:iii1-15;NA;NA;NA
44,centroid.otu1015,-3.35652913,0.120643156,0.09167447,0.143555116,0.16958936,0.016441225,-0.021446573,0.034852107,0.07270281,k:Bacteria;p:Planctomycetes;c:Planctomycetia;o:Pirellulales;f:Pirellulaceae;g:Pirellula;NA
258,centroid.otu577,-3.013731026,0.046028471,0.081128929,0.007892682,-0.061060719,0.086881551,0.163622212,-0.010168763,0.072308273,k:Bacteria;p:Actinobacteria;c:Actinobacteria;o:Actinomycetales;f:Intrasporangiaceae;g:Phycicoccus;NA
283,centroid.otu713,-3.121164856,-0.011782612,0.189703772,-0.099149437,-0.057849932,-0.110868702,-0.04264969,0.030615006,0.071551889,k:Bacteria;p:Acidobacteria;c:Acidobacteria-6;o:iii1-15;f:RB40;NA;NA
296,centroid.otu794,-3.349253109,0.116831071,0.064600456,0.177819303,0.081624707,0.239810897,0.015697653,0.036150113,0.070871405,k:Bacteria;p:Proteobacteria;c:Gammaproteobacteria;o:Xanthomonadales;f:Sinobacteraceae;NA;NA
160,centroid.otu191,-2.709521819,-0.069101805,0.106622275,-0.136531209,0.001776872,-0.043206891,-0.169254493,-0.008945948,0.069539958,k:Bacteria;p:Planctomycetes;c:Phycisphaerae;o:WD2101;NA;NA;NA
31,centroid.otu21,-1.706933283,-0.001969287,-0.017760554,-0.136962972,0.062556947,-0.060534748,0.04905334,-0.001215885,0.067735369,k:Bacteria;p:Acidobacteria;c:[Chloracidobacteria];o:RB41;f:Ellin6075;NA;NA
20,centroid.otu639,-2.909135396,0.047896483,0.078529164,-0.11495543,-0.037294399,-0.05004849,0.037417457,-0.035379484,0.067702723,k:Bacteria;p:Proteobacteria;c:Deltaproteobacteria;o:[Entotheonellales];f:[Entotheonellaceae];NA;NA
152,centroid.otu182,-2.778983599,-0.104633988,-0.085299247,0.249630099,0.160074474,0.085021483,0.150333994,0.002304556,0.067232685,k:Bacteria;p:Acidobacteria;c:Acidobacteria-6;o:iii1-15;f:mb2424;NA;NA
37,centroid.otu429,-2.953519969,0.07618085,0.056755518,0.224230896,0.146777574,0.118210762,0.13119901,0.056458024,0.06677015,k:Bacteria;p:Planctomycetes;c:Phycisphaerae;o:WD2101;NA;NA;NA
284,centroid.otu719,-3.233172756,0.199113851,0.079347436,0.153074568,-0.00445272,-0.004488238,0.068021409,0.012035879,0.065919714,k:Bacteria;p:Acidobacteria;c:Acidobacteria-6;o:iii1-15;NA;NA;NA
170,centroid.otu2021,-3.2673501,0.153042886,0.021147458,0.21112874,0.249299876,-0.117684945,-0.029767831,-0.002644702,0.065638824,k:Bacteria;p:Proteobacteria;c:Gammaproteobacteria;o:Xanthomonadales;f:Sinobacteraceae;NA;NA
7,centroid.otu20,-1.416549238,-0.04068328,-0.085364509,-0.024337112,-0.116753583,-0.000615601,-0.024947366,-0.036924123,0.065397984,k:Bacteria;p:Chloroflexi;c:Thermomicrobia;o:JG30-KF-CM45;NA;NA;NA
90,centroid.otu1341,-2.976260141,-0.029958381,0.096042374,-0.176068805,-0.05509884,-0.106581895,-0.229617319,-0.027548123,0.064657466,k:Bacteria;p:Firmicutes;c:Bacilli;o:Bacillales;f:Bacillaceae;g:Bacillus;NA
54,centroid.otu1087,-3.278680706,-0.036683568,0.03519151,0.183867012,0.21709223,0.162235424,0.257990908,0.011275143,0.064575851,k:Bacteria;p:Planctomycetes;c:Planctomycetia;o:Gemmatales;f:Gemmataceae;NA;NA
39,centroid.otu839,-2.617350298,-0.077707996,0.050501556,-0.247655555,-0.029677135,-0.07504644,-0.120173077,-0.013294758,0.064574063,k:Bacteria;p:Planctomycetes;c:Planctomycetia;o:Gemmatales;f:Isosphaeraceae;NA;NA
244,centroid.otu509,-3.129862221,0.025833952,-0.010563961,0.184195662,-0.053102812,0.093783966,0.03464228,0.023446608,0.064375465,k:Bacteria;p:Acidobacteria;c:[Chloracidobacteria];o:RB41;NA;NA;NA
265,centroid.otu612,-2.699589181,-0.164982774,-0.036219429,-0.131147023,-0.048649283,-0.188828706,-0.036715566,-0.046482596,0.063659866,k:Bacteria;p:Chloroflexi;c:Anaerolineae;o:SBR1031;f:A4b;NA;NA
75,centroid.otu1277,-3.347180327,0.104128545,0.154888276,0.024823888,0.037398979,0.131869582,-0.004997837,0.022565315,0.063468095,k:Bacteria;p:Planctomycetes;c:Phycisphaerae;o:WD2101;NA;NA;NA
293,centroid.otu761,-3.093427784,0.023822719,-0.019786288,0.112973221,-0.098452642,0.041644012,0.104566392,-0.002199549,0.063246544,k:Bacteria;p:Acidobacteria;c:Acidobacteria-6;o:iii1-15;f:mb2424;NA;NA
14,centroid.otu114,-2.606062353,0.001349603,-0.155485802,-0.006240973,0.025503943,0.105930217,0.072157311,0.012622493,0.063001796,k:Bacteria;p:Acidobacteria;c:Acidobacteria-6;o:iii1-15;NA;NA;NA
228,centroid.otu45,-2.141773112,0.019187901,0.052150399,-0.080909809,-0.196403225,-0.121247792,-0.049354812,-0.027078067,0.062955003,k:Bacteria;p:Acidobacteria;c:[Chloracidobacteria];o:RB41;NA;NA;NA
275,centroid.otu651,-3.072743911,0.20936342,0.093597081,0.01351399,0.014116839,-0.184505622,0.130315046,0.011338172,0.061729234,k:Bacteria;p:Acidobacteria;c:[Chloracidobacteria];o:RB41;f:Ellin6075;NA;NA
299,centroid.otu815,-2.718992051,-0.035342874,-0.020355262,-0.268813656,-0.096134391,-0.056258402,-0.145545505,-0.063953093,0.061591889,k:Bacteria;p:Chloroflexi;c:Anaerolineae;o:Caldilineales;f:Caldilineaceae;NA;NA
112,centroid.otu1523,-3.267402008,0.135861234,0.249514283,0.066052973,0.097158981,-0.047844247,-0.026703908,-0.006625125,0.061225321,k:Bacteria;p:WS3;c:PRR-12;o:Sediment-1;NA;NA;NA
217,centroid.otu401,-3.215530773,0.1332494,0.058866486,0.150499075,0.047548697,0.152403187,0.107588663,0.045652572,0.061109892,k:Bacteria;p:Proteobacteria;c:Alphaproteobacteria;o:Rhizobiales;NA;NA;NA
42,centroid.otu10,-1.766822052,0.040112197,0.056402075,0.033293518,-0.142972425,-0.036465007,-0.002677945,-0.014040091,0.060648592,k:Bacteria;p:Acidobacteria;c:[Chloracidobacteria];o:RB41;NA;NA;NA
106,centroid.otu1475,-2.545989342,-0.246020464,-0.070770748,-0.093574167,-0.307882865,-0.220462436,-0.426281169,-0.048950617,0.059607032,k:Bacteria;p:Actinobacteria;c:Actinobacteria;o:Actinomycetales;NA;NA;NA
71,centroid.otu1253,-2.985661517,0.007210001,0.141049556,-0.032094151,0.003969831,0.114139125,-0.062342778,-0.058941991,0.059442549,k:Bacteria;p:Acidobacteria;c:Acidobacteria-6;o:iii1-15;f:RB40;NA;NA
315,centroid.otu903,-2.745642741,-0.030273104,0.012307792,-0.130522482,-0.282659351,-0.281279052,-0.306183559,-0.043109183,0.059061478,k:Bacteria;p:Proteobacteria;c:Alphaproteobacteria;o:Sphingomonadales;f:Erythrobacteraceae;NA;NA
287,centroid.otu74,-2.268475386,-0.053949751,-0.002218012,-0.14711609,-0.141584566,-0.036408367,-0.242565493,-0.027926961,0.058975311,k:Bacteria;p:Actinobacteria;c:Thermoleophilia;o:Gaiellales;f:Gaiellaceae;NA;NA
252,centroid.otu559,-2.854272704,-0.009762672,0.051496836,-0.000452841,-0.096116355,0.017360141,-0.143517381,-0.031055589,0.058488196,k:Bacteria;p:Chloroflexi;c:Thermomicrobia;o:JG30-KF-CM45;NA;NA;NA
295,centroid.otu779,-3.779783148,0.089427478,0.075892296,0.666830632,0.508996324,0.497028693,1.049210578,0.161586112,0.057960246,k:Bacteria;p:Cyanobacteria;c:Synechococcophycideae;o:Pseudanabaenales;NA;NA;NA
45,centroid.otu102,-2.46188162,0.006666939,-0.059177794,-0.140329167,-0.182400031,-0.207071343,-0.212613473,-0.010475807,0.057844646,k:Bacteria;p:Acidobacteria;c:[Chloracidobacteria];o:RB41;f:Ellin6075;NA;NA
52,centroid.otu1074,-3.033120039,0.11078332,-0.064682349,-0.065025824,-0.117395158,-0.12024225,-0.222012311,-0.005101914,0.057746025,k:Bacteria;p:Acidobacteria;c:Acidobacteria-6;o:iii1-15;NA;NA;NA
10,centroid.otu414,-3.163643489,0.033255509,-0.01120957,0.216131673,0.089911934,0.22028596,0.141981969,0.031296891,0.057736899,k:Bacteria;p:Nitrospirae;c:Nitrospira;o:Nitrospirales;f:0319-6A21;NA;NA
24,centroid.otu113,-2.384666233,-0.049212752,0.019914149,0.063361611,0.134394858,0.13992678,-0.037767902,0.019878623,0.057246599,k:Bacteria;p:Acidobacteria;c:Acidobacteria-6;o:iii1-15;f:RB40;NA;NA
66,centroid.otu12,-1.938057282,0.002555242,0.023378471,-0.057126635,0.11757541,-0.010247726,-0.043716307,0.001813234,0.057085984,k:Bacteria;p:Acidobacteria;c:Acidobacteria-6;o:iii1-15;NA;NA;NA
103,centroid.otu1434,-3.135783765,-0.169194604,-0.058795325,0.187995457,0.013842606,0.086589565,-0.081266372,-0.000457823,0.057063735,k:Bacteria;p:Verrucomicrobia;c:[Spartobacteria];o:[Chthoniobacterales];f:[Chthoniobacteraceae];NA;NA
207,centroid.otu353,-2.952367624,0.044817827,0.043188451,0.096305418,-0.147873435,0.003327153,-0.068778857,0.01314326,0.056764601,k:Bacteria;p:Actinobacteria;c:Actinobacteria;o:Actinomycetales;f:Pseudonocardiaceae;g:Pseudonocardia;NA
60,centroid.otu1152,-3.065520255,0.075006256,-0.019951484,-0.110832908,-0.106109521,-0.022430836,0.072681152,-0.008934448,0.056698255,k:Bacteria;p:Planctomycetes;c:Planctomycetia;o:Planctomycetales;f:Planctomycetaceae;g:Planctomyces;NA
317,centroid.otu924,-3.090091673,-0.060898041,0.099218733,0.03020679,0.035585422,0.002243663,0.162184336,-0.017169944,0.056477196,k:Bacteria;p:Actinobacteria;c:Rubrobacteria;o:Rubrobacterales;f:Rubrobacteraceae;NA;NA
202,centroid.otu325,-3.160936696,0.081767257,0.0156466,0.112493962,0.116006393,0.220754067,0.216406995,0.05386711,0.05626121,k:Bacteria;p:Proteobacteria;c:Deltaproteobacteria;o:Myxococcales;f:Nannocystaceae;g:Nannocystis;NA
227,centroid.otu449,-2.995258282,0.050454622,0.13038474,0.028913421,0.0640425,0.02830704,-0.080761337,-0.011810773,0.056238829,k:Bacteria;p:Proteobacteria;c:Alphaproteobacteria;o:Rhizobiales;f:Hyphomicrobiaceae;NA;NA
213,centroid.otu39,-2.152884086,-0.050489908,-0.025777541,0.053284584,0.056996137,0.102938128,0.000356943,-0.03139071,0.055824978,k:Bacteria;p:Chloroflexi;c:Gitt-GS-136;NA;NA;NA;NA
263,centroid.otu600,-3.155342365,0.042038837,0.112694925,-0.117200825,0.047387339,-0.078860236,0.053477653,0.012110307,0.055651407,k:Bacteria;p:Planctomycetes;c:Planctomycetia;o:Planctomycetales;f:Planctomycetaceae;g:Planctomyces;NA
224,centroid.otu435,-3.172250124,0.000327832,0.097259225,0.088529041,0.048235051,0.051665484,0.04995071,0.04230744,0.0552646,k:Bacteria;p:Acidobacteria;c:[Chloracidobacteria];NA;NA;NA;NA
320,centroid.otu935,-3.041364297,-0.010060092,0.051741868,0.052456636,-0.094729469,0.107214012,-0.108381753,-0.009757043,0.054965881,k:Bacteria;p:Actinobacteria;c:Thermoleophilia;o:Solirubrobacterales;f:Solirubrobacteraceae;NA;NA
32,centroid.otu23,-1.75979373,0.098806758,-0.000325668,-0.101634093,-0.087356674,-0.060133,-0.164129542,0.007030221,0.054809863,k:Bacteria;p:Verrucomicrobia;c:[Spartobacteria];o:[Chthoniobacterales];f:[Chthoniobacteraceae];NA;NA
209,centroid.otu366,-2.834271535,-0.067464134,0.002786079,-0.052732272,0.167733277,0.02616697,0.040511289,-0.016148406,0.05462137,k:Bacteria;p:Planctomycetes;c:Planctomycetia;o:Planctomycetales;f:Planctomycetaceae;g:Planctomyces;NA
8,centroid.otu22,-1.854215683,-0.006083141,0.005959539,0.203503847,0.140618115,0.075612455,0.111026538,0.008051696,0.054247619,k:Bacteria;p:Acidobacteria;c:Acidobacteria-6;o:iii1-15;NA;NA;NA
57,centroid.otu1102,-2.743861026,-0.069150812,-0.037649905,-0.102963335,-0.042928194,-0.228629493,-0.264237413,-0.050779236,0.053717064,k:Bacteria;p:Planctomycetes;c:Planctomycetia;o:Gemmatales;f:Isosphaeraceae;NA;NA
186,centroid.otu26,-2.338358148,0.075979743,0.016874676,0.051161437,0.175273334,0.08620248,0.038176731,0.007127529,0.052873895,k:Bacteria;p:Acidobacteria;c:Acidobacteria-6;o:iii1-15;NA;NA;NA
173,centroid.otu2073,-3.304185565,-0.064102881,-0.169737402,0.169800528,0.201509304,0.214592273,0.149532396,0.031341964,0.052704469,k:Bacteria;p:Proteobacteria;c:Alphaproteobacteria;o:Rhodospirillales;NA;NA;NA
132,centroid.otu167,-2.647848437,-0.08785987,-0.116633732,0.102443309,-0.034117876,0.064066064,-0.001526792,-0.013419435,0.052701329,k:Bacteria;p:Proteobacteria;c:Betaproteobacteria;o:MND1;NA;NA;NA
125,centroid.otu1635,-3.000616553,-0.140592477,-0.065182038,0.038494744,-0.077803339,0.092457885,0.063884953,-0.025121856,0.052672006,k:Bacteria;p:Bacteroidetes;c:Cytophagia;o:Cytophagales;f:Cytophagaceae;NA;NA
86,centroid.otu1332,-3.093615686,0.025003261,0.043350089,-0.119752046,-0.248014986,-0.135873354,-0.141789931,0.025465113,0.052550128,k:Bacteria;p:Firmicutes;c:Bacilli;o:Bacillales;f:Bacillaceae;g:Bacillus;s:Bacillus_muralis
257,centroid.otu574,-3.039272522,-0.114761203,-0.115810457,0.20998265,0.049255321,0.031293683,0.121230643,0.009358396,0.052415358,k:Bacteria;p:Proteobacteria;c:Deltaproteobacteria;o:Myxococcales;f:Haliangiaceae;NA;NA
105,centroid.otu1446,-3.209472891,-0.025106605,-0.089815026,0.222546324,0.011287589,-0.032927796,-0.033568032,0.035538724,0.052318464,k:Bacteria;p:Chloroflexi;c:Anaerolineae;o:SBR1031;f:A4b;NA;NA
148,centroid.otu1806,-3.556958369,0.204864389,-0.021741139,0.306523115,0.420320054,0.223268108,0.319754588,0.03100711,0.052234023,k:Bacteria;p:Chloroflexi;c:Ellin6529;NA;NA;NA;NA
34,centroid.otu37,-2.248477896,0.057830467,0.075935195,0.10763828,-0.080378695,0.029803413,-0.000105473,-0.014247743,0.052206452,k:Bacteria;p:Actinobacteria;c:Actinobacteria;o:Actinomycetales;f:Micromonosporaceae;g:Couchioplanes;NA
165,centroid.otu194,-2.741853031,-0.173254785,-0.107349082,0.04042095,0.077403816,0.017320677,-0.032196657,-0.002827484,0.051984618,k:Bacteria;p:Acidobacteria;c:Acidobacteria-6;o:iii1-15;NA;NA;NA
188,centroid.otu269,-3.032965482,-0.019494403,0.064284094,0.145640496,0.228033911,0.109671156,0.091436322,0.016097535,0.051935531,k:Bacteria;p:Planctomycetes;c:Planctomycetia;o:Gemmatales;f:Isosphaeraceae;NA;NA
273,centroid.otu638,-3.40553258,-0.225666478,-0.202805841,0.517213958,0.626345682,0.23923207,0.841580185,0.094088771,0.051819372,k:Bacteria;p:Cyanobacteria;c:Synechococcophycideae;o:Pseudanabaenales;NA;NA;NA
100,centroid.otu142,-2.530441667,0.001599579,-0.03775589,-0.00109691,-0.101341626,-0.04385767,0.075839063,-0.025433296,0.051642803,k:Bacteria;p:Chloroflexi;c:Thermomicrobia;o:JG30-KF-CM45;NA;NA;NA
328,centroid.otu987,-2.887857442,0.012840333,-0.099694151,-0.126976477,-0.207687432,-0.058294419,-0.152536693,-0.029690302,0.051324193,k:Bacteria;p:Planctomycetes;c:Planctomycetia;o:Pirellulales;f:Pirellulaceae;NA;NA
212,centroid.otu385,-2.881142529,0.097870502,0.008138285,-0.015349434,-0.13456267,-0.173014532,-0.020827538,0.000130356,0.051141046,k:Bacteria;p:Bacteroidetes;c:[Saprospirae];o:[Saprospirales];f:Chitinophagaceae;NA;NA
215,centroid.otu4,-1.41406677,0.04639989,0.065218181,-0.014579349,-0.108449236,-0.023132777,-0.031019231,-0.015252779,0.051051395,k:Bacteria;p:Actinobacteria;c:Actinobacteria;o:Actinomycetales;f:Geodermatophilaceae;NA;NA
261,centroid.otu588,-2.531863406,-0.205221843,-0.029181999,-0.109943301,-0.427957126,-0.10224174,0.438496053,0.010601976,0.051005779,k:Bacteria;p:Cyanobacteria;c:Oscillatoriophycideae;o:Oscillatoriales;f:Phormidiaceae;g:Phormidium;NA
162,centroid.otu1923,-3.198004482,0.110771891,0.094681558,-0.022658015,-0.027996015,-0.040155022,0.094398167,-0.030891745,0.050932158,k:Bacteria;p:Planctomycetes;c:Phycisphaerae;o:WD2101;NA;NA;NA
138,centroid.otu170,-2.611634625,0.024254045,0.013525245,-0.09927496,-0.22071721,-0.125583071,-0.014495713,0.001022323,0.050904885,k:Bacteria;p:Proteobacteria;c:Gammaproteobacteria;o:Xanthomonadales;f:Sinobacteraceae;NA;NA
326,centroid.otu96,-2.440742255,-0.04367679,-0.069843156,-0.159715194,-0.043279203,-0.18794072,-0.194561646,-0.016383566,0.050902366,k:Bacteria;p:Planctomycetes;c:Phycisphaerae;o:WD2101;NA;NA;NA
230,centroid.otu457,-2.991310979,0.018170341,0.050889661,0.023418087,0.145912647,0.101740974,-0.066077256,-0.005995862,0.050882611,k:Bacteria;p:Actinobacteria;c:Actinobacteria;o:Actinomycetales;f:Intrasporangiaceae;NA;NA
323,centroid.otu946,-2.917587987,-0.015517374,0.022748983,0.056408821,0.024745605,0.182377414,0.092859268,-0.06187488,0.050699462,k:Bacteria;p:Proteobacteria;c:Alphaproteobacteria;o:Rhizobiales;f:Methylocystaceae;NA;NA
267,centroid.otu619,-3.132362572,-0.069907986,0.07501091,0.052745194,-0.020187721,0.147949691,-0.007072225,0.020222878,0.050614466,k:Bacteria;p:Bacteroidetes;c:Cytophagia;o:Cytophagales;f:Cytophagaceae;NA;NA
174,centroid.otu2087,-3.165198365,-0.071562623,0.017145682,0.030323331,0.2503207,0.034392992,0.089322731,-0.02495241,0.050563478,k:Bacteria;p:Bacteroidetes;c:Cytophagia;o:Cytophagales;f:Cytophagaceae;NA;NA
145,centroid.otu177,-2.69101497,0.010350629,-0.096422818,0.046314418,-0.036249956,0.15076438,0.117116957,0.005430101,0.050124233,k:Bacteria;p:Actinobacteria;c:Actinobacteria;o:Actinomycetales;f:Propionibacteriaceae;NA;NA
305,centroid.otu846,-3.262191519,0.219261604,0.118627875,0.204330557,-0.140815962,0.055657822,0.233482018,0.015421606,0.04972469,k:Bacteria;p:Gemmatimonadetes;c:Gemm-3;NA;NA;NA;NA
70,centroid.otu1252,-2.861684743,-0.044388428,-0.012742542,-0.08557603,-0.225876148,-0.106211753,-0.18416333,-0.040478518,0.049643843,k:Bacteria;p:Acidobacteria;c:[Chloracidobacteria];o:RB41;f:Ellin6075;NA;NA
201,centroid.otu321,-2.861391737,-0.016232156,-0.061626254,0.033492061,0.10354023,-0.021746185,0.125555409,-0.014821794,0.049613105,k:Bacteria;p:Chloroflexi;c:TK10;o:AKYG885;f:Dolo_23;NA;NA
250,centroid.otu555,-3.069109442,-0.018629757,0.062392261,0.106614598,0.125742526,-0.000146314,-0.073050256,0.011344501,0.049528052,k:Bacteria;p:Actinobacteria;c:Actinobacteria;o:Actinomycetales;f:Intrasporangiaceae;g:Janibacter;NA
40,centroid.otu856,-2.895459534,-0.033068842,-0.099589836,-0.068592265,-0.293226288,-0.01059258,-0.147487978,-0.002365493,0.049468056,k:Bacteria;p:Proteobacteria;c:Deltaproteobacteria;o:Myxococcales;f:Polyangiaceae;g:Sorangium;s:Sorangium_cellulosum
6,centroid.otu193,-2.609657558,0.024466956,0.035480958,-0.032291992,-0.141024192,-0.032712659,-0.232422009,-0.012933026,0.049203852,k:Bacteria;p:Acidobacteria;c:Solibacteres;o:Solibacterales;NA;NA;NA
99,centroid.otu141,-2.465066564,-0.068598366,0.049030047,-0.104536655,-0.197254807,-0.086379876,-0.146131337,-0.006693711,0.049047489,k:Bacteria;p:Chloroflexi;c:S085;NA;NA;NA;NA
1,centroid.otu1103,-2.850614305,0.062375545,0.056199995,0.197107034,0.101674421,-0.029078679,-0.003987653,0.001339304,0.048987022,k:Bacteria;p:Chloroflexi;c:Chloroflexi;o:AKIW781;NA;NA;NA
43,centroid.otu1001,-2.963198044,-0.171134726,-0.132556528,-0.197567542,-0.013329739,0.042756157,-0.016969452,-0.017423989,0.048492031,k:Bacteria;p:Planctomycetes;c:Planctomycetia;o:Planctomycetales;f:Planctomycetaceae;g:Planctomyces;NA
177,centroid.otu218,-3.022818084,0.063518867,0.060868706,0.056590689,0.226759341,0.141595521,0.129972229,0.025115068,0.048447917,k:Bacteria;p:Planctomycetes;c:Phycisphaerae;o:WD2101;NA;NA;NA
274,centroid.otu644,-3.084213548,0.054895816,-0.006468027,-0.007553447,-0.084685485,0.057339116,0.142090721,-0.004191497,0.048322675,k:Bacteria;p:Planctomycetes;c:Planctomycetia;o:Pirellulales;f:Pirellulaceae;NA;NA
136,centroid.otu1688,-3.069676794,-0.21987696,-0.164356543,-0.263334244,0.376999127,0.400734228,0.208255917,0.039487083,0.048318662,k:Bacteria;p:Proteobacteria;c:Betaproteobacteria;NA;NA;NA;NA
23,centroid.otu1014,-2.480763083,-0.069674239,-0.069327164,-0.268411881,-0.19014541,-0.213941028,-0.075342659,0.020217333,0.047902334,k:Bacteria;p:Actinobacteria;c:Actinobacteria;o:Actinomycetales;f:Cellulomonadaceae;g:Oerskovia;NA
35,centroid.otu376,-3.044878394,0.001267687,0.337064811,0.164523841,-0.120324363,0.254902,0.426634581,0.032208077,0.047811913,k:Bacteria;p:Proteobacteria;c:Gammaproteobacteria;o:Pseudomonadales;f:Pseudomonadaceae;g:Pseudomonas;NA
193,centroid.otu283,-2.87685212,0.022220414,-0.031818956,-0.043964472,-0.009731382,-0.063307425,-0.153594283,0.016576254,0.047482668,k:Bacteria;p:Acidobacteria;c:Acidobacteria-6;o:iii1-15;NA;NA;NA
78,centroid.otu1281,-3.095875039,-0.005195823,-0.0792058,0.052261651,-0.040435733,-0.151697577,0.100658716,-0.004163351,0.047419137,k:Bacteria;p:Chloroflexi;c:Anaerolineae;o:H39;NA;NA;NA
281,centroid.otu694,-2.802994679,-0.067270847,-0.005069881,-0.174398229,-0.062635359,-0.228843439,-0.100524239,-0.025571933,0.047390275,k:Bacteria;p:Proteobacteria;c:Alphaproteobacteria;o:Rhodospirillales;NA;NA;NA
169,centroid.otu1986,-3.135639096,0.094678726,-0.050708238,0.054227196,0.015226723,-0.118568923,-0.112086346,0.000869058,0.04736832,k:Bacteria;p:Gemmatimonadetes;c:Gemmatimonadetes;o:Gemmatimonadales;f:Ellin5301;NA;NA
12,centroid.otu75,-2.07853709,-0.105140476,-0.072797263,0.128153563,-0.053911993,-0.00580852,0.01406249,0.017041019,0.047313839,k:Bacteria;p:Acidobacteria;c:[Chloracidobacteria];o:RB41;NA;NA;NA
306,centroid.otu853,-3.063548104,-0.094824887,-0.153737681,0.031490643,0.079861968,0.0463405,0.006184136,0.015778486,0.047288857,k:Bacteria;p:Chloroflexi;c:S085;NA;NA;NA;NA
147,centroid.otu1799,-2.720122569,-0.05248772,-0.150548367,-0.305094972,-0.017915742,-0.094361806,-0.077133353,-0.052090452,0.047117171,k:Bacteria;p:Bacteroidetes;c:Cytophagia;o:Cytophagales;f:Cytophagaceae;NA;NA
79,centroid.otu1290,-2.93511358,-0.002948712,-0.042197277,-0.143114126,-0.250988768,-0.171273395,-0.23123245,0.001987607,0.046758884,k:Bacteria;p:Verrucomicrobia;c:[Pedosphaerae];o:[Pedosphaerales];NA;NA;NA
254,centroid.otu562,-3.121820988,-0.084847311,-0.016608515,-0.010242085,0.033083709,0.129384083,-0.017888578,0.007741042,0.046677637,k:Bacteria;p:Planctomycetes;c:Phycisphaerae;o:WD2101;NA;NA;NA
21,centroid.otu695,-3.120992387,0.066531027,0.079510827,0.152813366,0.023176195,-0.064458407,0.08448507,-0.003786454,0.046067707,k:Bacteria;p:Proteobacteria;c:Alphaproteobacteria;o:Sphingomonadales;NA;NA;NA
208,centroid.otu361,-2.881511419,-0.043653442,-0.159295241,0.030308701,0.047677661,0.089430009,0.017190371,0.005926418,0.046059067,k:Bacteria;p:Acidobacteria;c:Acidobacteria-6;o:iii1-15;NA;NA;NA
61,centroid.otu1166,-3.223567075,0.152862812,0.058456965,0.030095003,-0.077171293,0.026838835,-0.001957144,0.048170132,0.046031842,k:Bacteria;p:Actinobacteria;c:Actinobacteria;o:Actinomycetales;f:Microbacteriaceae;NA;NA
251,centroid.otu557,-2.840186051,0.009712444,0.017528812,-0.136363405,-0.13792616,-0.218349644,-0.195063054,-0.016824206,0.045752807,k:Bacteria;p:Actinobacteria;c:Thermoleophilia;o:Gaiellales;f:Gaiellaceae;NA;NA
232,centroid.otu469,-2.769500609,-0.069744297,-0.126125216,-0.085452806,-0.163436806,-0.151568999,-0.051828131,-0.018213321,0.045711026,k:Bacteria;p:Actinobacteria;c:Acidimicrobiia;o:Acidimicrobiales;NA;NA;NA
218,centroid.otu403,-3.136897768,0.138707512,0.138791569,0.057951669,0.005011354,0.091510356,0.125529258,0.017161863,0.045423623,k:Bacteria;p:Actinobacteria;c:Actinobacteria;o:Actinomycetales;f:Micromonosporaceae;NA;NA
94,centroid.otu1369,-3.460393047,0.151159796,-0.036364935,0.29245123,0.335282472,0.232502049,0.266745307,0.049646784,0.045315022,k:Bacteria;p:Chloroflexi;c:Anaerolineae;o:SBR1031;f:A4b;NA;NA
142,centroid.otu1737,-2.905796996,-0.088157008,0.032681027,-0.211709461,-0.23553255,-0.221447256,-0.274313924,-0.018389736,0.045130488,k:Bacteria;p:Proteobacteria;c:Deltaproteobacteria;o:NB1-j;NA;NA;NA
26,centroid.otu122,-2.004103217,-0.005161002,-0.072063437,-0.13407499,-0.112306549,-0.08682387,-0.224611213,-0.030111099,0.044868645,k:Bacteria;p:Bacteroidetes;c:Sphingobacteriia;o:Sphingobacteriales;f:Sphingobacteriaceae;NA;NA
155,centroid.otu1857,-3.350698821,0.076627297,0.005523192,0.087615906,0.145903593,0.062045603,-0.005373653,0.019277222,0.04443135,k:Bacteria;p:Actinobacteria;c:Acidimicrobiia;o:Acidimicrobiales;f:C111;NA;NA
127,centroid.otu1648,-3.091287465,-0.002546397,-0.12427112,0.008330862,0.319307977,0.021831787,0.11336785,-0.006840961,0.044380095,k:Bacteria;p:Actinobacteria;c:Actinobacteria;o:Actinomycetales;f:Promicromonosporaceae;g:Cellulosimicrobium;NA
304,centroid.otu843,-3.025443491,0.120469953,0.04023802,-0.040603127,-0.033972389,-0.156890185,-0.055293421,-0.016994026,0.044140811,k:Bacteria;p:Actinobacteria;c:Rubrobacteria;o:Rubrobacterales;f:Rubrobacteraceae;g:Rubrobacter;NA
221,centroid.otu427,-2.920065709,0.060071227,0.113993919,0.056162283,0.083142178,0.001957189,0.00781348,-0.024265559,0.04405843,k:Bacteria;p:Actinobacteria;c:Acidimicrobiia;o:Acidimicrobiales;f:C111;NA;NA
241,centroid.otu497,-2.997438523,-0.01673255,0.021163805,-0.068850968,0.019503531,0.058618607,-0.179003371,0.001186756,0.043883448,k:Bacteria;p:Chloroflexi;c:Thermomicrobia;o:JG30-KF-CM45;NA;NA;NA
33,centroid.otu3,-1.011652361,-0.004239862,-0.030022862,-0.082459079,0.072616214,-0.05786624,0.025885298,-0.004636296,0.043874014,k:Bacteria;p:Acidobacteria;c:[Chloracidobacteria];o:RB41;f:Ellin6075;NA;NA
238,centroid.otu489,-2.807861597,-0.093975922,-0.009867721,-0.056996836,-0.086391292,0.049474504,0.063840545,-0.016863691,0.043765615,k:Bacteria;p:Nitrospirae;c:Nitrospira;o:Nitrospirales;f:0319-6A21;NA;NA
82,centroid.otu132,-2.459363836,-0.039336341,0.01703634,-0.022635158,-0.090113785,-0.096142019,0.053633639,-0.023816099,0.043489946,k:Bacteria;p:Chloroflexi;c:Anaerolineae;o:H39;NA;NA;NA
235,centroid.otu474,-2.76078863,0.011594085,-0.037800718,-0.125175639,-0.202200099,-0.154104269,-0.178067838,-0.028900861,0.043179855,k:Bacteria;p:Proteobacteria;c:Alphaproteobacteria;o:Rhizobiales;f:Bradyrhizobiaceae;NA;NA
131,centroid.otu1669,-3.394564211,-0.062965465,0.031755011,0.198231384,0.325750519,0.242250204,0.192973708,0.031773324,0.04310853,k:Bacteria;p:Actinobacteria;c:Acidimicrobiia;o:Acidimicrobiales;NA;NA;NA
290,centroid.otu746,-3.149314732,0.303077986,-0.204308572,0.056862635,-0.010752967,0.322927573,0.594890524,0.042144768,0.043013399,k:Bacteria;p:Cyanobacteria;c:Synechococcophycideae;o:Pseudanabaenales;NA;NA;NA
134,centroid.otu1679,-2.728065607,0.025373126,0.070205794,-0.184079774,-0.324175776,-0.523743305,-0.300371472,-0.031726669,0.043008197,k:Bacteria;p:Bacteroidetes;c:Sphingobacteriia;o:Sphingobacteriales;f:Sphingobacteriaceae;g:Pedobacter;NA
96,centroid.otu1379,-3.198819134,0.086637332,0.056507281,0.128099468,-0.00704134,0.183665931,0.125678075,-0.011676621,0.042941512,k:Bacteria;p:Chloroflexi;c:Ellin6529;NA;NA;NA;NA
286,centroid.otu720,-3.199160739,-0.095438587,-0.024345725,0.145835306,0.138293102,0.179760136,0.088266061,0.028341887,0.042816647,k:Bacteria;p:Actinobacteria;c:Thermoleophilia;o:Gaiellales;f:Gaiellaceae;NA;NA
234,centroid.otu473,-3.054666737,0.06840293,-0.01188257,0.058241434,-0.058890209,0.094220506,0.09775459,0.021458427,0.042285761,k:Bacteria;p:Acidobacteria;c:[Chloracidobacteria];o:RB41;f:Ellin6075;NA;NA
47,centroid.otu1027,-2.973108338,0.052894717,-0.026772293,-0.073365204,0.017430597,-0.084884275,-0.190971833,-0.022844833,0.042080692,k:Bacteria;p:Chloroflexi;c:Thermomicrobia;o:JG30-KF-CM45;NA;NA;NA
157,centroid.otu1881,-3.251011829,-0.012318592,0.003640059,0.14291269,0.044738193,0.111725679,0.141792449,-0.011654342,0.041718983,k:Bacteria;p:Acidobacteria;c:Solibacteres;o:Solibacterales;NA;NA;NA
291,centroid.otu752,-2.981506696,-0.032862531,-0.028090256,0.009406158,-0.133534374,0.018782133,-0.173424074,-0.000968404,0.041512898,k:Bacteria;p:Nitrospirae;c:Nitrospira;o:Nitrospirales;f:0319-6A21;NA;NA
203,centroid.otu329,-3.024856143,-0.021429296,-0.097171413,0.133152801,0.118159964,0.025489792,0.02913281,0.025941397,0.041496742,k:Bacteria;p:Planctomycetes;c:Planctomycetia;o:Gemmatales;f:Gemmataceae;NA;NA
264,centroid.otu607,-3.026093557,0.018271062,-0.08146956,0.067996833,-0.009708849,-0.08375384,-0.083302144,0.010208631,0.041300623,k:Bacteria;p:Verrucomicrobia;c:[Pedosphaerae];o:[Pedosphaerales];NA;NA;NA
129,centroid.otu166,-2.628044871,0.014750274,0.068596898,-0.108989497,-0.206455426,-0.111749389,-0.044481434,-0.004072186,0.041101805,k:Bacteria;p:Proteobacteria;c:Alphaproteobacteria;o:Sphingomonadales;f:Sphingomonadaceae;g:Kaistobacter;NA
62,centroid.otu1168,-3.121955204,-0.040406242,-0.023479372,0.089092903,-0.036770385,-0.075117047,0.048655632,-0.011570573,0.040930565,k:Bacteria;p:Verrucomicrobia;c:[Spartobacteria];o:[Chthoniobacterales];f:[Chthoniobacteraceae];g:DA101;NA
194,centroid.otu289,-2.690554136,-0.016337959,0.065523633,-0.16831924,-0.119286319,-0.19425412,-0.075728104,-0.018874465,0.040834828,k:Bacteria;p:WS2;c:SHA-109;NA;NA;NA;NA
164,centroid.otu1938,-3.334447221,-0.005153285,0.046622106,0.044633787,0.01224964,0.19849817,0.091044192,0.026073784,0.0407708,k:Bacteria;p:Chloroflexi;c:Thermomicrobia;o:JG30-KF-CM45;NA;NA;NA
233,centroid.otu471,-2.629329603,-0.170477067,-0.227884396,0.055854485,-0.049884384,-0.108876889,-0.125592958,-0.013669282,0.040730113,k:Bacteria;p:Verrucomicrobia;c:Verrucomicrobiae;o:Verrucomicrobiales;f:Verrucomicrobiaceae;g:Luteolibacter;NA
240,centroid.otu495,-2.963364974,-0.053887768,0.030404096,0.042519085,0.034906625,0.079118139,-0.099012247,0.004128816,0.040328706,k:Bacteria;p:Chloroflexi;NA;NA;NA;NA;NA
22,centroid.otu95,-2.441993976,-0.050878579,-0.030914377,-0.135402971,0.017849653,-0.033732181,-0.17426025,-0.012340624,0.040291521,k:Bacteria;p:Acidobacteria;c:Acidobacteria-6;o:iii1-15;NA;NA;NA
5,centroid.otu19,-1.670860302,0.121520559,0.050443389,-0.002750328,-0.089758573,0.000844371,-0.030849049,0.009318975,0.040180736,k:Bacteria;p:Proteobacteria;c:Alphaproteobacteria;o:Sphingomonadales;f:Sphingomonadaceae;g:Kaistobacter;NA
318,centroid.otu929,-3.01610736,-0.020600463,-0.118799531,-0.064827301,-0.04411204,-0.074662588,0.008089019,-0.001232034,0.039953444,k:Bacteria;p:Chloroflexi;c:Ellin6529;NA;NA;NA;NA
13,centroid.otu821,-2.922292766,0.112326611,-0.039425257,0.145626811,0.02948807,0.129519073,0.124370441,0.054368837,0.039922635,k:Bacteria;p:Proteobacteria;c:Gammaproteobacteria;o:Xanthomonadales;f:Xanthomonadaceae;NA;NA
92,centroid.otu1351,-3.27231273,-0.03049007,-0.060393665,0.179980889,0.027912473,0.093222098,0.140426221,0.016924817,0.039703718,k:Bacteria;p:Chloroflexi;c:Chloroflexi;o:[Roseiflexales];f:[Kouleothrixaceae];NA;NA
77,centroid.otu1280,-3.087787252,-0.141467617,-0.095127547,0.006777866,0.03416216,-0.06163192,0.055411162,0.003535628,0.039588945,k:Bacteria;p:Firmicutes;c:Bacilli;o:Bacillales;NA;NA;NA
294,centroid.otu771,-3.23808542,0.13063759,0.034981149,0.145704268,0.052528241,0.080978272,0.089985435,0.005830408,0.039459298,k:Bacteria;p:Planctomycetes;c:Planctomycetia;o:Gemmatales;f:Isosphaeraceae;NA;NA
83,centroid.otu1329,-3.213905686,-0.092204442,-0.152035868,0.176885804,0.105620999,0.137645158,0.107264853,0.016708065,0.039164287,k:Bacteria;p:Armatimonadetes;c:0319-6E2;NA;NA;NA;NA
179,centroid.otu223,-2.71044738,-0.014878015,-0.034327577,-0.100878334,-0.058935111,0.067880362,0.071321161,-0.006180175,0.038730876,k:Bacteria;p:Actinobacteria;c:Actinobacteria;o:Actinomycetales;f:Nocardioidaceae;NA;NA
58,centroid.otu1135,-3.129388251,-0.00793215,0.076934022,-0.098869463,0.039335689,-0.053703018,-0.034480043,-0.002226542,0.038685347,k:Bacteria;p:Bacteroidetes;c:[Saprospirae];o:[Saprospirales];f:Chitinophagaceae;NA;NA
41,centroid.otu1,-1.361103581,0.049539193,0.05805062,-0.022900787,0.064388545,-0.100179839,0.006746274,0.009858855,0.038368803,k:Bacteria;p:Actinobacteria;c:Actinobacteria;o:Actinomycetales;f:Micrococcaceae;NA;NA
248,centroid.otu544,-3.099078646,0.157686404,0.049281441,0.015292521,-0.017516174,-0.016167296,-0.057377002,0.019297674,0.038304329,k:Bacteria;p:Acidobacteria;c:Acidobacteria-6;o:iii1-15;f:mb2424;NA;NA
76,centroid.otu1278,-3.138638586,0.151677419,0.160620638,0.081564673,-0.129619373,-0.158410622,-0.025200255,0.023227524,0.038210554,k:Bacteria;p:Proteobacteria;c:Alphaproteobacteria;o:Sphingomonadales;f:Sphingomonadaceae;g:Sphingobium;NA
25,centroid.otu119,-2.341623787,-0.016807547,-0.089647238,0.125586789,0.107289276,0.106952656,-0.014012821,0.002256878,0.037643652,k:Bacteria;p:Acidobacteria;c:Acidobacteria-6;o:iii1-15;NA;NA;NA
95,centroid.otu1370,-3.093459473,0.006245382,-0.142093037,0.015677981,-0.088487466,0.006727562,0.039686382,0.016285235,0.037512107,k:Bacteria;p:Actinobacteria;c:Acidimicrobiia;o:Acidimicrobiales;f:C111;NA;NA
117,centroid.otu1549,-3.345368357,0.023350215,0.036573849,0.140905342,0.257376815,0.151768824,0.23039039,0.009302479,0.036622464,k:Bacteria;p:Actinobacteria;c:Actinobacteria;o:Actinomycetales;f:Nocardioidaceae;NA;NA
109,centroid.otu1503,-3.391460465,0.000109889,0.121165646,0.128118084,0.059073186,0.098244575,0.108147963,0.026893175,0.036537384,k:Bacteria;p:Acidobacteria;c:Acidobacteria-6;o:iii1-15;NA;NA;NA
107,centroid.otu1491,-2.825004837,-0.067480262,-0.06580325,-0.28946317,-0.237318483,-0.234548398,-0.367284399,-0.003604925,0.035805724,k:Bacteria;p:Planctomycetes;c:Planctomycetia;o:Planctomycetales;f:Planctomycetaceae;g:Planctomyces;NA
67,centroid.otu121,-2.627284372,-0.000397584,0.074282089,-0.061732212,0.004764099,-0.024143599,-0.144438839,-0.005617925,0.035384455,k:Bacteria;p:Planctomycetes;c:Phycisphaerae;o:WD2101;NA;NA;NA
292,centroid.otu760,-2.940298008,0.058887039,-0.064695831,-0.035468485,-0.025396398,0.008157127,-0.009920558,-0.028124509,0.03524603,k:Bacteria;p:Planctomycetes;c:Planctomycetia;o:Gemmatales;f:Isosphaeraceae;NA;NA
211,centroid.otu374,-2.997618744,0.091879383,0.137086658,-0.05421124,0.036446424,0.016473909,-0.002298268,-8.16E-05,0.035028938,k:Bacteria;p:Planctomycetes;c:Planctomycetia;o:Planctomycetales;f:Planctomycetaceae;g:Planctomyces;NA
139,centroid.otu1710,-3.140224589,0.10174692,0.083870985,-0.149328757,-0.117458776,-0.154954336,-0.066401032,-0.009767736,0.034947536,k:Bacteria;p:Verrucomicrobia;c:[Pedosphaerae];o:[Pedosphaerales];f:Ellin517;NA;NA
183,centroid.otu249,-2.821858144,0.041740623,0.039097848,0.072078828,-0.117627213,-0.017237986,-0.058289143,0.001398312,0.034215813,k:Bacteria;p:Actinobacteria;c:Acidimicrobiia;o:Acidimicrobiales;f:C111;NA;NA
176,centroid.otu2162,-2.808668171,0.113680823,0.07591983,-0.122881487,-0.178887076,0.000692793,-0.431378118,-0.040045169,0.034198705,k:Bacteria;p:Proteobacteria;c:Deltaproteobacteria;o:Myxococcales;NA;NA;NA
307,centroid.otu859,-3.278791866,0.086174815,0.100237888,0.125295776,0.126735209,0.013595398,0.131517565,0.0416013,0.033818989,k:Bacteria;p:Actinobacteria;c:Actinobacteria;o:Actinomycetales;f:Microbacteriaceae;g:Salinibacterium;NA
185,centroid.otu258,-2.919151325,0.114366626,0.050106893,0.108793439,0.106626997,0.077434308,0.062610418,0.000989193,0.03380352,k:Bacteria;p:Armatimonadetes;c:0319-6E2;NA;NA;NA;NA
38,centroid.otu734,-2.602523589,0.023836179,0.122946961,-0.045789446,-0.151200463,0.010985913,-0.053131637,-0.015552621,0.033783154,k:Bacteria;p:Verrucomicrobia;c:[Spartobacteria];o:[Chthoniobacterales];f:[Chthoniobacteraceae];NA;NA
303,centroid.otu84,-2.605291078,0.037363138,0.024553244,-0.087999142,0.080719552,0.008867474,0.046687523,0.003306481,0.033393273,k:Bacteria;p:Planctomycetes;c:Phycisphaerae;o:WD2101;NA;NA;NA
59,centroid.otu1140,-3.03207473,0.020178406,-0.077094398,0.012679768,-0.073557879,-0.073683715,-0.02882725,-0.017816926,0.033229997,k:Bacteria;p:Proteobacteria;c:Alphaproteobacteria;o:Rhodospirillales;NA;NA;NA
190,centroid.otu277,-2.98019409,-0.021065368,0.032294096,0.084389569,0.175561664,0.110797336,0.109764548,-0.001939645,0.033165594,k:Bacteria;p:Planctomycetes;c:Phycisphaerae;o:WD2101;NA;NA;NA
114,centroid.otu1529,-3.122472707,-0.113749653,-0.007596852,-0.01246861,0.100618255,-0.020632611,-0.018262015,-0.004866169,0.032822627,k:Bacteria;p:Armatimonadetes;c:[Fimbriimonadia];o:[Fimbriimonadales];f:[Fimbriimonadaceae];g:Fimbriimonas;NA
312,centroid.otu87,-2.562113985,-0.122823387,-0.062561217,0.119993453,0.070460718,-0.007440121,0.015632887,-0.006098242,0.032726251,k:Bacteria;p:Acidobacteria;c:Acidobacteria-6;o:iii1-15;NA;NA;NA
64,centroid.otu118,-2.639490553,-0.074986519,-0.132960034,-0.029152196,0.040638904,-0.002069537,0.027409843,0.006383834,0.03258415,k:Bacteria;p:Planctomycetes;c:Planctomycetia;o:Pirellulales;f:Pirellulaceae;NA;NA
327,centroid.otu968,-3.144628314,-0.023534377,-0.083121214,0.168781613,0.114227095,0.149075176,0.115264444,-0.004510976,0.032470124,k:Bacteria;p:Actinobacteria;c:Thermoleophilia;o:Solirubrobacterales;NA;NA;NA
126,centroid.otu1639,-3.403110046,0.013835128,0.085353782,0.24181233,0.159439599,0.061376039,0.070879171,0.042955655,0.032324008,k:Bacteria;p:Bacteroidetes;c:[Saprospirae];o:[Saprospirales];f:Chitinophagaceae;NA;NA
182,centroid.otu248,-2.913314887,0.036249762,0.10721422,0.021609857,0.037895828,-0.060743756,0.024152112,0.01693062,0.03224236,k:Bacteria;p:Verrucomicrobia;c:[Spartobacteria];o:[Chthoniobacterales];f:[Chthoniobacteraceae];NA;NA
65,centroid.otu1196,-3.21061379,0.004076977,-0.021566754,-0.05122929,0.072567345,0.044068714,-0.014653646,0.021703125,0.032208449,k:Bacteria;p:Planctomycetes;c:Planctomycetia;o:Gemmatales;f:Gemmataceae;NA;NA
253,centroid.otu56,-2.398530813,-0.102464781,-0.074882441,-0.025446001,0.094759409,0.035240771,0.001581344,-0.014383603,0.032075654,k:Bacteria;p:Planctomycetes;c:Planctomycetia;o:Planctomycetales;f:Planctomycetaceae;g:Planctomyces;NA
56,centroid.otu1098,-3.246666169,-0.039982253,0.049453623,0.144957957,0.078669064,0.143072261,0.141009078,0.002926066,0.032014616,k:Bacteria;p:Chloroflexi;c:Chloroflexi;o:Chloroflexales;NA;NA;NA
310,centroid.otu868,-2.91945583,0.019150533,0.087711336,-0.021126554,0.002756167,0.026038343,-0.072382734,-0.033001417,0.031708814,k:Bacteria;p:Actinobacteria;c:Actinobacteria;o:Actinomycetales;f:Streptomycetaceae;g:Streptomyces;NA
163,centroid.otu1925,-3.077406033,-0.145064123,-0.088814757,0.109511262,0.050933252,0.041083077,0.027844538,-0.015389023,0.031625955,k:Bacteria;p:Nitrospirae;c:Nitrospira;o:Nitrospirales;f:0319-6A21;NA;NA
184,centroid.otu253,-2.790718403,0.041588658,-0.078254488,-0.028025501,-0.057351813,-0.00182502,-0.11874006,-0.012325677,0.031598814,k:Bacteria;p:Acidobacteria;c:Acidobacteria-6;o:iii1-15;f:mb2424;NA;NA
3,centroid.otu1184,-2.796504649,0.131302227,0.063456984,-0.037823951,-0.046105034,-0.052153041,-0.077416148,-0.007261926,0.031254288,k:Bacteria;p:Verrucomicrobia;c:[Pedosphaerae];o:[Pedosphaerales];NA;NA;NA
314,centroid.otu900,-3.222506783,0.074687313,0.016740158,0.10936894,0.057448829,0.095483279,0.185520983,0.011493315,0.031032835,k:Bacteria;p:Chloroflexi;c:Anaerolineae;o:Ardenscatenales;f:Ardenscatenaceae;g:Ardenscatena;NA
196,centroid.otu302,-3.00402082,-0.046965463,-0.002435547,0.061638928,-0.001396168,0.112491981,0.060706066,0.02441451,0.03080278,k:Bacteria;p:Acidobacteria;c:Acidobacteria-6;o:iii1-15;NA;NA;NA
316,centroid.otu92,-2.603305658,0.050954005,-0.002123407,-0.007129937,0.114974968,0.033890202,-0.019016751,0.010538027,0.030748671,k:Bacteria;p:Acidobacteria;c:Acidobacteria-6;o:iii1-15;NA;NA;NA
205,centroid.otu343,-2.774054919,0.037986699,-0.087525558,-0.040192999,-0.021790125,-0.024476737,-0.118587936,-0.005780192,0.030732243,k:Bacteria;p:Actinobacteria;c:Actinobacteria;o:Actinomycetales;f:Nocardioidaceae;NA;NA
130,centroid.otu1662,-3.181763628,0.063356301,0.039460627,-0.052076117,-0.119534071,-0.112949589,-0.028115797,0.031738618,0.030674114,k:Bacteria;p:Proteobacteria;c:Alphaproteobacteria;o:Rhizobiales;f:Rhodobiaceae;g:Afifella;NA
118,centroid.otu1572,-3.158882278,-0.048681138,-0.034175967,0.098598495,-0.096185754,0.007391572,-0.082229728,0.016245547,0.030564466,k:Bacteria;p:Acidobacteria;c:Sva0725;o:Sva0725;NA;NA;NA
85,centroid.otu1331,-3.151112321,-0.072382891,-0.096166446,0.130875362,0.220383282,0.097172047,0.135175283,-0.005136473,0.030559808,k:Bacteria;p:Chloroflexi;c:TK10;NA;NA;NA;NA
53,centroid.otu1084,-3.343491901,0.10536276,0.011066256,0.284382901,0.127204483,0.054566393,0.216066803,0.061577392,0.029903255,k:Bacteria;p:Actinobacteria;c:Actinobacteria;o:Actinomycetales;f:Thermomonosporaceae;NA;NA
91,centroid.otu1344,-3.346803732,0.141601382,0.013200083,0.014213638,0.066763626,0.003458215,0.092281796,0.023550919,0.029709608,k:Bacteria;p:Acidobacteria;c:Acidobacteria-6;o:iii1-15;NA;NA;NA
231,centroid.otu459,-3.129163132,-0.032118152,0.027507477,0.089852882,0.118414301,0.06240746,0.023998524,0.022914714,0.029697135,k:Bacteria;p:Acidobacteria;c:Acidobacteria-6;o:iii1-15;NA;NA;NA
102,centroid.otu1431,-3.254364976,0.039385274,0.106802765,-0.014280151,-0.008183328,-0.029944176,-0.006917043,0.022924578,0.028923407,k:Bacteria;p:Planctomycetes;c:Phycisphaerae;o:CPla-3;NA;NA;NA
214,centroid.otu395,-2.724587421,-0.06228864,-0.046087248,-0.041739716,-0.062783087,-0.156550076,-0.037302881,-0.024356427,0.028905258,k:Bacteria;p:Proteobacteria;c:Alphaproteobacteria;o:Rhizobiales;f:Hyphomicrobiaceae;g:Pedomicrobium;NA
278,centroid.otu679,-2.979215716,-0.116140388,-0.051750492,0.040805119,-0.02499155,0.046632042,-0.043491428,-0.014699122,0.02867468,k:Bacteria;p:Chloroflexi;c:Thermomicrobia;o:JG30-KF-CM45;NA;NA;NA
270,centroid.otu627,-3.068181043,0.070410364,0.049719446,0.166835955,0.000284223,0.023347654,0.071849698,0.000309018,0.028613643,k:Bacteria;p:Proteobacteria;c:Betaproteobacteria;o:Ellin6067;NA;NA;NA
143,centroid.otu1747,-3.102845961,-0.017745497,-0.04042152,-0.077061541,-0.039162015,0.06369295,0.034880931,-0.010736306,0.028338928,k:Bacteria;p:Chloroflexi;c:Gitt-GS-136;NA;NA;NA;NA
191,centroid.otu278,-2.799925923,-0.07655877,-0.083620576,-0.107426527,0.024455556,-0.024055258,-0.03583421,-0.009528291,0.028256033,k:Bacteria;p:Acidobacteria;c:Acidobacteria-6;o:iii1-15;f:RB40;NA;NA
204,centroid.otu331,-3.069222772,0.059653173,0.069442877,-0.006039594,0.021067668,0.070649671,-0.047028753,0.020440455,0.028104762,k:Bacteria;p:Planctomycetes;c:Planctomycetia;o:Pirellulales;f:Pirellulaceae;NA;NA
156,centroid.otu1873,-3.150240899,-0.083897326,-0.1327854,0.035171108,-0.068964951,0.0668254,0.015055567,0.007069268,0.027671149,k:Bacteria;p:Planctomycetes;c:Phycisphaerae;o:WD2101;NA;NA;NA
93,centroid.otu1360,-3.36762594,0.062472214,0.042744821,0.058965153,0.111349217,0.177823637,0.151288414,0.027319141,0.027299395,k:Bacteria;p:Acidobacteria;c:Acidobacteria-6;o:iii1-15;NA;NA;NA
18,centroid.otu2139,-3.518177836,0.102342611,0.121010923,0.255956546,0.278786672,0.161994317,0.191005323,0.042130541,0.026769637,k:Bacteria;p:Chloroflexi;c:Thermomicrobia;o:JG30-KF-CM45;NA;NA;NA
55,centroid.otu1089,-3.308625985,-0.048740958,0.036645512,0.002818182,0.003760959,0.195258788,0.066636947,0.053059985,0.026645193,k:Bacteria;p:Proteobacteria;c:Betaproteobacteria;o:Burkholderiales;f:Comamonadaceae;NA;NA
309,centroid.otu863,-3.24395407,0.074167651,0.019109424,0.101294964,0.030523872,0.140266326,0.107306626,0.000880585,0.026607429,k:Bacteria;p:Planctomycetes;c:Planctomycetia;o:Gemmatales;f:Isosphaeraceae;NA;NA
300,centroid.otu828,-3.115037846,0.055461103,0.082307945,0.02906962,-0.059392114,-0.068501789,-0.007673275,-0.007289773,0.026224302,k:Bacteria;p:Gemmatimonadetes;c:Gemm-5;NA;NA;NA;NA
289,centroid.otu745,-2.984803814,-0.053385043,0.043315249,-0.056601162,0.039226209,-0.078496541,-0.008721007,-0.014474215,0.026157012,k:Bacteria;p:Acidobacteria;c:Acidobacteria-6;o:iii1-15;NA;NA;NA
124,centroid.otu1634,-3.198677451,0.117109615,0.071592702,0.113447,-0.077571521,0.024622315,-0.009813984,0.002042015,0.026097088,k:Bacteria;p:Planctomycetes;c:Planctomycetia;o:Planctomycetales;f:Planctomycetaceae;g:Planctomyces;NA
171,centroid.otu205,-2.752980918,-0.015198516,-0.064996001,-0.076463859,0.025623161,0.05611864,-0.059592193,0.005514446,0.026095925,k:Bacteria;p:Planctomycetes;c:Planctomycetia;o:Gemmatales;f:Gemmataceae;NA;NA
68,centroid.otu1226,-3.022678414,-0.029108399,0.10210474,-0.038286656,-0.097753991,-0.042053021,-0.058823984,-0.010675963,0.025922701,k:Bacteria;p:Acidobacteria;c:Acidobacteria-6;o:iii1-15;f:mb2424;NA;NA
74,centroid.otu1273,-3.193133238,0.032385839,0.123558577,-0.025346582,-0.104312137,0.037667969,0.122771733,0.006331777,0.025869409,k:Bacteria;p:Gemmatimonadetes;c:Gemm-3;NA;NA;NA;NA
144,centroid.otu1757,-3.396887226,0.017827383,0.004717549,0.27443432,0.031298772,0.117559252,0.226044184,0.032974335,0.025802625,k:Bacteria;p:Actinobacteria;c:Actinobacteria;o:Actinomycetales;f:Propionibacteriaceae;g:Microlunatus;NA
19,centroid.otu44,-2.336387527,0.018712713,-0.044229579,-0.130165291,-0.08478261,-0.045863341,-0.051187344,-8.49E-05,0.025339843,k:Bacteria;p:Acidobacteria;c:[Chloracidobacteria];o:RB41;f:Ellin6075;NA;NA
49,centroid.otu1052,-3.144147804,0.082270556,0.022519633,0.006692953,-0.047135485,-0.066281022,0.086729618,0.026454911,0.024906372,k:Bacteria;p:Actinobacteria;c:Actinobacteria;o:Actinomycetales;f:Streptomycetaceae;g:Streptomyces;NA
311,centroid.otu869,-3.243167184,0.025867863,0.082213156,0.133086798,0.044334649,0.062041962,0.091093967,0.015856681,0.024760749,k:Bacteria;p:Actinobacteria;c:Actinobacteria;o:Actinomycetales;f:Pseudonocardiaceae;g:Pseudonocardia;NA
27,centroid.otu1447,-2.667521339,-0.022271234,0.022594675,-0.079150825,-0.136140522,-0.086534352,-0.145069539,0.001441533,0.024562398,k:Bacteria;p:Gemmatimonadetes;c:Gemm-3;NA;NA;NA;NA
48,centroid.otu1032,-3.239593681,0.050863904,0.082477983,0.125766118,0.124728814,0.06869184,-0.001553976,-0.001642745,0.024139401,k:Bacteria;p:Planctomycetes;c:Phycisphaerae;o:WD2101;NA;NA;NA
81,centroid.otu1318,-3.12537746,-0.025778633,0.022627917,0.040511818,-0.10652611,0.030245447,-0.072870305,-0.000194424,0.023792166,k:Bacteria;p:Bacteroidetes;c:[Saprospirae];o:[Saprospirales];f:Saprospiraceae;NA;NA
297,centroid.otu797,-3.131574554,0.103558491,0.027317668,0.024806758,0.089938532,-0.030218109,0.039120523,0.010699931,0.023764693,k:Bacteria;p:Chloroflexi;c:Ellin6529;NA;NA;NA;NA
158,centroid.otu1893,-2.991338478,-0.065385749,-0.086544077,0.06965586,0.089553848,0.028477776,-0.00898565,-0.023871251,0.0235297,k:Bacteria;p:Chloroflexi;c:Anaerolineae;o:H39;NA;NA;NA
73,centroid.otu127,-2.543292159,-0.07463793,-0.075729041,0.016043314,0.068834875,0.010749568,-0.014239481,-0.019593504,0.023483467,k:Bacteria;p:Actinobacteria;c:MB-A2-108;o:0319-7L14;NA;NA;NA
245,centroid.otu523,-3.143112649,0.031565034,-0.054762583,0.0782078,0.078444142,0.074438131,0.016591493,0.007453453,0.023352287,k:Bacteria;p:Acidobacteria;c:Acidobacteria-6;o:iii1-15;NA;NA;NA
46,centroid.otu1026,-2.955985876,-0.054929508,-0.047771575,-0.093771191,-0.118258932,-0.130261344,-0.061318255,-0.002807929,0.023165579,k:Bacteria;p:Chloroflexi;c:Thermomicrobia;o:JG30-KF-CM45;NA;NA;NA
330,centroid.otu995,-2.834590313,-0.00955043,-0.037649246,-0.198818774,-0.157637189,-0.178031172,-0.19838524,-0.021344061,0.023076354,k:Bacteria;p:Proteobacteria;c:Alphaproteobacteria;o:Rickettsiales;f:mitochondria;NA;NA
189,centroid.otu274,-2.684204813,-0.062600364,-0.108448652,-0.092390018,-0.047946665,-0.025880124,-0.134159452,-0.017054263,0.023060074,k:Bacteria;p:Acidobacteria;c:Acidobacteria-6;o:iii1-15;f:RB40;NA;NA
192,centroid.otu280,-2.880167065,0.084763916,0.059557188,-0.064704021,-0.069415231,-0.000910525,0.003130985,0.008614256,0.022936991,k:Bacteria;p:Proteobacteria;c:Betaproteobacteria;o:SC-I-84;NA;NA;NA
308,centroid.otu862,-2.922633054,-0.090585133,-0.028588711,0.035280014,-0.053062358,-0.019083506,-0.068659714,-0.024893796,0.02288651,k:Bacteria;p:Planctomycetes;c:Planctomycetia;o:Pirellulales;f:Pirellulaceae;g:Pirellula;NA
63,centroid.otu1179,-3.054811025,-0.014866736,0.049979414,-0.093631943,0.054175118,-0.044798094,-0.063003896,-0.013818006,0.022634291,k:Bacteria;p:Proteobacteria;c:Alphaproteobacteria;o:Rhodospirillales;NA;NA;NA
276,centroid.otu66,-2.537306032,0.027647012,-0.033025785,0.021052201,0.111370806,0.017400277,0.020665004,-0.002405032,0.022491942,k:Bacteria;p:Planctomycetes;c:Phycisphaerae;o:WD2101;NA;NA;NA
87,centroid.otu1335,-3.165851344,-0.006648315,0.044437387,-0.009625928,-0.105674473,-0.048188776,0.056423228,0.015169008,0.022414067,k:Bacteria;p:Proteobacteria;c:Betaproteobacteria;o:Burkholderiales;f:Oxalobacteraceae;NA;NA
101,centroid.otu1425,-3.006718638,-0.009707027,-0.011682665,-0.082791596,-0.052165389,-0.026013509,-0.076812461,-0.032917953,0.021853235,k:Bacteria;p:Chloroflexi;c:TK17;NA;NA;NA;NA
225,centroid.otu439,-2.986234687,-0.072545865,-0.028126376,0.059888072,-0.009453987,-0.057568023,-0.051568817,0.000466734,0.021340866,k:Bacteria;p:Planctomycetes;c:Phycisphaerae;o:WD2101;NA;NA;NA
216,centroid.otu400,-2.959539943,0.043781098,-0.016915375,-0.002487241,-0.11973093,-0.044267676,-0.027028289,0.003382228,0.021340432,k:Bacteria;p:Acidobacteria;c:[Chloracidobacteria];o:DS-100;NA;NA;NA
133,centroid.otu1675,-3.085872987,-0.003297156,0.045713606,-0.044841724,0.062408542,-0.067106624,-0.026065823,-0.02524463,0.021228971,k:Bacteria;p:Bacteroidetes;c:[Rhodothermi];o:[Rhodothermales];f:Rhodothermaceae;g:Rubricoccus;NA
260,centroid.otu582,-3.106742011,-0.049059368,0.018722232,0.088485487,0.131022618,0.040490826,0.093361151,0.001718928,0.021038286,k:Bacteria;p:Planctomycetes;c:Phycisphaerae;o:WD2101;NA;NA;NA
135,centroid.otu1686,-3.135367629,0.090539478,0.048450376,-0.018324758,-0.05965238,-0.068871961,0.011636792,-0.011999184,0.02059277,k:Bacteria;p:Proteobacteria;c:Alphaproteobacteria;o:Sphingomonadales;f:Sphingomonadaceae;g:Kaistobacter;NA
266,centroid.otu614,-2.87815952,-0.02526337,-0.00900076,-0.122652858,-0.134538855,-0.142277744,-0.109026603,-0.013518167,0.019948723,k:Bacteria;p:Acidobacteria;c:Acidobacteria-6;o:iii1-15;NA;NA;NA
199,centroid.otu314,-2.877380809,-0.02432162,-0.109801038,0.054038538,0.05348873,-0.039765402,-0.010239929,-0.000227461,0.019694372,k:Bacteria;p:Acidobacteria;c:Acidobacteria-6;o:iii1-15;f:RB40;NA;NA
210,centroid.otu370,-2.951099552,0.013919309,0.017704742,0.063020827,-0.074920096,-0.001658669,-0.037317006,0.005702638,0.019357668,k:Bacteria;p:Proteobacteria;c:Gammaproteobacteria;o:Xanthomonadales;f:Xanthomonadaceae;g:Lysobacter;NA
180,centroid.otu224,-2.745925474,-0.045628811,-0.007608309,0.032020477,0.006208505,-0.052934568,-0.092810476,-0.008102506,0.019133732,k:Bacteria;p:Planctomycetes;c:Phycisphaerae;o:WD2101;NA;NA;NA
140,centroid.otu1724,-3.010396972,-0.024398995,-0.123373201,-0.063940631,0.027240801,-0.041825104,-0.09647538,-0.009010312,0.018821237,k:Bacteria;p:Proteobacteria;c:Deltaproteobacteria;o:Myxococcales;NA;NA;NA
29,centroid.otu1691,-2.899799704,0.051994302,0.085384082,0.209893488,0.116772322,0.177456855,0.065453484,-0.001589534,0.018430567,k:Bacteria;p:Planctomycetes;c:Planctomycetia;o:Gemmatales;f:Gemmataceae;g:Gemmata;NA
2,centroid.otu1115,-2.926791644,0.174086558,0.177866782,0.03109181,0.013570565,0.048091169,0.254949576,0.023589533,0.018361282,k:Bacteria;p:Acidobacteria;c:Sva0725;o:Sva0725;NA;NA;NA
325,centroid.otu959,-3.109338977,0.003836487,0.013627893,0.057917173,-0.061384707,-0.031958939,0.068116731,0.009264488,0.018134095,k:Bacteria;p:Armatimonadetes;c:[Fimbriimonadia];o:[Fimbriimonadales];f:[Fimbriimonadaceae];g:Fimbriimonas;NA
236,centroid.otu483,-3.06989434,0.026776966,-0.048101216,0.094659152,0.093322778,0.030776177,0.019037554,0.009450955,0.017782991,k:Bacteria;p:Acidobacteria;c:[Chloracidobacteria];o:RB41;f:Ellin6075;NA;NA
239,centroid.otu49,-2.333385151,0.016411858,-0.024073673,0.070432553,0.011467169,0.001622652,-0.051806461,-0.002842265,0.017721431,k:Bacteria;p:Acidobacteria;c:Acidobacteria-6;o:iii1-15;NA;NA;NA
313,centroid.otu892,-3.093331386,-0.013064058,0.028580305,0.016384799,0.002276012,0.06869399,-0.047805414,-0.005176505,0.017573523,k:Bacteria;p:Proteobacteria;c:Deltaproteobacteria;o:[Entotheonellales];f:[Entotheonellaceae];g:Candidatus_Entotheonella;NA
111,centroid.otu152,-2.711998249,-0.030680847,0.023021063,-0.045784606,0.016498513,0.071929737,-0.014306796,0.000914406,0.017369139,k:Bacteria;p:Acidobacteria;c:Acidobacteria-6;o:iii1-15;f:mb2424;NA;NA
187,centroid.otu267,-2.869681259,-0.054743833,-0.098184326,0.025368381,0.063347074,-0.022451654,0.023048053,0.007424316,0.0172048,k:Bacteria;p:Acidobacteria;c:Acidobacteria-6;o:iii1-15;NA;NA;NA
150,centroid.otu1813,-2.990954478,0.080156208,-0.042085192,-0.087450934,0.00591623,-0.115905854,-0.08128418,-0.029650259,0.017123449,k:Bacteria;p:Planctomycetes;c:Planctomycetia;o:Gemmatales;f:Gemmataceae;g:Gemmata;NA
322,centroid.otu939,-2.978075711,0.052758713,-0.008293186,-0.084165417,-0.055469383,0.00590686,-0.091301938,-0.020012829,0.016791852,k:Bacteria;p:Gemmatimonadetes;c:Gemm-3;NA;NA;NA;NA
172,centroid.otu207,-2.858743383,0.053927351,-0.03366429,0.014489135,0.081433365,0.033015855,0.048465318,-0.001862094,0.016537713,k:Bacteria;p:Acidobacteria;c:Acidobacteria-6;o:iii1-15;NA;NA;NA
151,centroid.otu1814,-3.196532583,0.018476167,0.030503374,0.072297017,0.13476293,0.054022483,0.008648436,-0.001555583,0.015613812,k:Bacteria;p:Bacteroidetes;c:Cytophagia;o:Cytophagales;f:Cytophagaceae;NA;NA
141,centroid.otu1728,-3.176847938,-0.053251319,-0.044275345,0.00770056,0.062319021,0.057820826,0.033801158,-0.008130833,0.015404966,k:Bacteria;p:Gemmatimonadetes;c:Gemmatimonadetes;o:Gemmatimonadales;f:Gemmatimonadaceae;g:Gemmatimonas;NA
175,centroid.otu211,-2.80087109,0.034721003,0.03799478,-0.079638254,-0.011463655,0.029240174,-0.039521405,-0.004272754,0.015232858,k:Bacteria;p:Acidobacteria;c:[Chloracidobacteria];o:11-24;NA;NA;NA
324,centroid.otu951,-3.049237107,-0.028164463,0.011918579,-0.039397272,0.053981135,0.03199856,0.034925613,-0.01243185,0.014683266,k:Bacteria;NA;NA;NA;NA;NA;NA
168,centroid.otu1969,-3.044782067,0.001019326,-0.040863228,-0.070905662,-0.135178652,-0.130940282,-0.089305099,-0.005812856,0.014586106,k:Bacteria;p:Bacteroidetes;c:[Saprospirae];o:[Saprospirales];f:Chitinophagaceae;NA;NA
319,centroid.otu932,-3.162470751,-0.031573652,0.007900594,-0.028933398,-5.93E-05,-0.067692574,0.003637849,0.01371412,0.014488665,k:Bacteria;p:Actinobacteria;c:Rubrobacteria;o:Rubrobacterales;f:Rubrobacteraceae;g:Rubrobacter;NA
246,centroid.otu534,-2.876717657,0.037366551,0.04978755,-0.109853656,-0.068694323,-0.045022702,-0.038945581,-0.019851502,0.014222247,k:Bacteria;p:Actinobacteria;c:Actinobacteria;o:Actinomycetales;NA;NA;NA
84,centroid.otu133,-2.807820643,0.06045268,0.022402667,0.056009023,0.109008189,0.023683056,0.074231027,0.016898999,0.014000725,k:Bacteria;p:Planctomycetes;c:Phycisphaerae;o:WD2101;NA;NA;NA
28,centroid.otu1496,-2.84206489,-0.004172844,-0.004835083,0.133141317,0.02695638,-0.000566189,0.026963165,0.013900753,0.013449019,k:Bacteria;p:Actinobacteria;c:Acidimicrobiia;o:Acidimicrobiales;f:C111;NA;NA
259,centroid.otu581,-2.981664661,0.040241143,-0.022505592,0.03940913,0.003063313,0.010221777,-0.03208304,-0.008382549,0.013216786,k:Bacteria;p:Acidobacteria;c:[Chloracidobacteria];o:11-24;NA;NA;NA
97,centroid.otu1384,-3.129760074,-0.018858749,0.02399854,-0.046500422,-0.033815834,-0.064063519,0.050534367,-0.009103159,0.013191248,k:Bacteria;p:Proteobacteria;c:Alphaproteobacteria;o:Rhizobiales;f:Hyphomicrobiaceae;NA;NA
15,centroid.otu115,-2.643662377,-0.072345337,-0.050468496,-0.020067175,0.013469892,-0.013472295,0.040061894,0.003522807,0.012625099,k:Bacteria;p:Acidobacteria;c:[Chloracidobacteria];o:RB41;NA;NA;NA
223,centroid.otu432,-2.865267036,-0.005404409,0.003741374,-0.005896307,-0.060980483,-0.013566151,-0.065443863,-0.020207317,0.01227637,k:Bacteria;p:Planctomycetes;c:Phycisphaerae;o:WD2101;NA;NA;NA
69,centroid.otu1228,-3.213041071,0.055683198,-0.004986631,0.063237339,-0.0079985,0.004585238,0.058117028,0.007624583,0.012132253,k:Bacteria;p:Acidobacteria;c:Acidobacteria-6;NA;NA;NA;NA
279,centroid.otu681,-3.144848287,0.012249592,0.051189656,0.047726599,0.060024546,-0.016365889,0.08572635,0.014869131,0.011801893,k:Bacteria;p:Planctomycetes;c:Phycisphaerae;o:WD2101;NA;NA;NA
113,centroid.otu1524,-3.156704916,0.002616196,0.033544716,0.039096802,-0.020232094,0.02138905,-0.045313873,-0.006390364,0.011716312,k:Bacteria;p:Actinobacteria;c:Acidimicrobiia;o:Acidimicrobiales;f:C111;NA;NA
123,centroid.otu1624,-3.101855947,-0.066495417,0.087425484,-0.027312313,0.108433797,0.068901512,0.071647183,0.008228208,0.011686487,k:Bacteria;p:Actinobacteria;c:Actinobacteria;o:Actinomycetales;f:Microbacteriaceae;NA;NA
51,centroid.otu1057,-3.124209208,-0.006745083,-0.032557188,0.018711218,0.047398207,0.029757609,0.107818534,-0.004629342,0.010285728,k:Bacteria;p:Chloroflexi;c:Anaerolineae;o:Caldilineales;f:Caldilineaceae;NA;NA
110,centroid.otu1505,-3.198306883,0.037813061,0.010882581,-0.038544,0.010003706,-0.033790555,0.00294179,0.007715532,0.008545298,k:Bacteria;p:Actinobacteria;c:Acidimicrobiia;o:Acidimicrobiales;NA;NA;NA
195,centroid.otu298,-2.927152242,0.056307654,0.062438249,0.060267846,0.015889885,0.020295254,0.048950347,0.003014232,0.008375047,k:Bacteria;p:Chloroflexi;c:Anaerolineae;o:SBR1031;f:A4b;NA;NA